,基金号,近1年std,近2年std,近3年std,近1年夏普率,近2年夏普率,近3年夏普率
001538,001538,22.30%,20.31%,21.46%,3.10,2.52,1.42
000779,000779,0.09%,0.09%,0.14%,4.80,6.76,7.98
000329,000329,1.90%,1.71%,1.64%,2.05,2.78,2.23
000796,000796,24.74%,25.76%,26.46%,2.02,1.60,0.76
001884,001884,18.90%,19.03%,19.01%,1.78,1.22,0.70
000846,000846,0.10%,0.11%,0.15%,8.42,10.19,10.64
001304,001304,10.43%,8.03%,6.97%,0.89,0.55,0.39
000903,000903,0.10%,0.11%,0.16%,6.69,8.12,9.58
001241,001241,20.93%,22.84%,22.00%,1.20,0.69,0.05
000684,000684,20.91%,18.40%,16.50%,2.78,1.56,1.05
001095,001095,0.09%,0.11%,0.15%,6.75,8.52,9.63
001580,001580,4.00%,3.76%,3.63%,2.83,2.18,1.38
001979,001979,18.96%,20.39%,20.22%,0.82,0.51,0.06
001703,001703,23.19%,21.58%,21.60%,1.66,1.22,0.76
000542,000542,0.10%,0.11%,0.14%,6.44,8.47,9.93
000112,000112,1.68%,1.37%,1.26%,0.90,2.09,2.39
000407,000407,5.24%,4.83%,4.91%,1.19,1.08,0.95
000057,000057,18.68%,16.89%,19.44%,2.07,1.40,0.67
001216,001216,20.60%,17.98%,15.23%,2.63,2.63,2.13
000954,000954,6.50%,10.50%,11.86%,2.91,0.94,0.06
001579,001579,21.72%,19.87%,19.53%,2.24,2.21,1.52
001980,001980,14.33%,19.20%,--,1.44,0.96,--
000692,000692,4.37%,4.78%,5.66%,2.08,2.08,1.07
000368,000368,19.07%,19.19%,19.11%,1.80,1.12,0.58
001596,001596,7.71%,6.53%,8.66%,2.98,2.06,1.16
000104,000104,1.42%,1.54%,2.06%,0.49,1.06,-0.05
000554,000554,22.21%,20.01%,19.70%,1.47,0.98,0.41
001715,001715,22.04%,17.21%,15.39%,2.55,1.96,1.43
001345,001345,14.42%,11.84%,10.07%,2.37,1.60,1.30
001650,001650,8.69%,6.53%,6.15%,2.47,2.06,1.62
000942,000942,27.89%,30.00%,28.85%,1.20,0.97,0.36
001200,001200,1.51%,4.42%,6.55%,1.79,0.99,0.20
000041,000041,23.35%,20.73%,20.08%,0.00,-0.24,-0.01
000411,000411,20.24%,19.63%,19.97%,1.59,1.12,0.67
000295,000295,4.20%,3.31%,3.17%,0.54,1.07,0.86
001484,001484,7.07%,13.71%,12.66%,2.71,1.23,0.70
001191,001191,3.97%,3.51%,3.22%,2.19,2.09,1.67
001892,001892,24.02%,18.88%,20.18%,1.77,1.07,0.80
000780,000780,25.71%,23.89%,24.46%,2.26,1.68,1.17
001938,001938,23.14%,22.99%,23.13%,1.65,1.51,0.99
001312,001312,5.96%,4.57%,9.00%,2.32,1.52,-0.09
001742,001742,18.75%,18.47%,20.11%,1.54,0.76,0.34
000850,000850,22.06%,20.77%,18.45%,1.62,0.98,0.62
000503,000503,1.03%,0.92%,1.34%,0.86,2.09,0.73
000153,000153,1.98%,1.57%,1.55%,0.39,1.16,1.21
000016,000016,1.51%,1.26%,1.25%,0.58,1.95,2.07
001257,001257,4.10%,4.65%,4.74%,1.96,1.55,0.95
001607,001607,19.85%,19.21%,18.49%,2.51,1.87,1.18
001410,001410,29.53%,29.63%,28.39%,2.13,1.82,1.10
001040,001040,22.06%,22.62%,23.91%,2.97,2.00,1.21
000201,000201,1.63%,1.54%,1.58%,1.53,2.31,2.32
001943,001943,21.01%,22.28%,18.29%,1.24,1.09,0.86
000651,000651,0.10%,0.10%,0.14%,5.64,7.55,8.47
001806,001806,3.34%,3.66%,3.78%,3.31,2.44,1.19
000714,000714,7.56%,5.97%,5.40%,1.09,0.92,0.76
001105,001105,20.00%,19.22%,20.08%,1.98,1.24,0.49
002050,002050,--,--,--,--,--,--
000597,000597,6.14%,5.77%,4.99%,1.89,1.82,1.64
001386,001386,0.10%,0.11%,0.16%,8.46,10.95,11.10
001693,001693,0.11%,0.15%,0.15%,9.75,11.73,14.03
000981,000981,0.10%,0.13%,0.16%,5.72,6.37,7.93
001369,001369,0.27%,0.32%,0.33%,5.94,5.87,6.15
001739,001739,11.26%,8.62%,7.40%,1.37,0.96,0.59
000082,000082,19.96%,19.58%,19.81%,2.00,1.46,0.84
000578,000578,13.62%,10.83%,9.31%,0.28,0.35,0.00
000128,000128,0.52%,0.43%,0.48%,2.33,3.23,3.87
001914,001914,11.16%,9.55%,9.04%,1.21,0.87,0.09
000606,000606,2.57%,2.02%,1.81%,0.16,0.94,1.37
000256,000256,6.39%,6.10%,5.56%,1.15,0.89,0.25
001017,001017,20.14%,20.43%,21.22%,1.92,1.40,0.65
001447,001447,7.52%,5.75%,5.02%,2.80,2.28,1.87
001152,001152,21.35%,21.85%,21.70%,2.64,1.50,0.78
000743,000743,18.63%,15.48%,15.96%,1.99,1.16,0.45
000313,000313,20.25%,20.19%,19.97%,1.65,1.18,0.69
000939,000939,22.43%,21.84%,22.75%,2.75,2.15,1.18
001781,001781,21.24%,20.92%,21.92%,2.17,1.35,0.58
000893,000893,16.31%,17.41%,19.61%,1.63,1.00,0.06
000190,000190,5.34%,5.38%,5.29%,2.82,2.06,1.74
000485,000485,0.11%,--,--,27.98,--,--
001294,001294,20.41%,21.92%,23.00%,2.75,1.48,0.34
001001,001001,7.20%,5.90%,5.02%,1.58,1.45,1.15
000240,000240,3.35%,2.76%,2.50%,2.14,2.59,2.18
001902,001902,11.59%,10.96%,9.96%,2.58,1.37,1.03
000305,000305,1.54%,1.40%,1.42%,1.29,2.30,2.44
000755,000755,29.58%,28.51%,29.34%,1.38,1.23,0.28
001144,001144,18.47%,18.87%,19.76%,2.47,1.73,0.98
000186,000186,2.19%,1.83%,1.83%,0.80,1.71,2.24
002011,002011,20.10%,18.46%,18.36%,1.55,1.21,0.40
001797,001797,5.25%,11.27%,12.96%,0.50,0.52,-0.25
001328,001328,8.36%,13.26%,14.26%,1.73,1.18,0.43
001282,001282,5.97%,5.27%,4.43%,2.03,2.13,1.75
000539,000539,0.09%,0.10%,0.14%,8.26,9.71,10.58
000493,000493,0.09%,0.11%,0.16%,8.32,9.53,10.44
000647,000647,0.09%,0.11%,0.14%,8.34,9.63,10.63
001955,001955,22.00%,22.83%,22.63%,1.75,1.65,1.04
000217,000217,16.78%,13.93%,12.07%,0.91,1.47,0.94
001056,001056,20.11%,18.53%,18.87%,1.70,1.24,0.45
001406,001406,5.15%,5.23%,4.77%,2.13,1.48,1.28
001113,001113,25.38%,25.07%,23.60%,1.85,0.87,0.15
001543,001543,25.11%,22.88%,24.42%,1.98,1.93,1.09
001810,001810,21.16%,21.45%,20.87%,1.38,0.78,0.48
000352,000352,2.15%,2.30%,2.03%,0.14,0.87,0.98
000978,000978,23.13%,23.66%,22.83%,1.29,0.76,0.20
000581,000581,0.09%,0.11%,0.14%,9.57,10.33,11.06
002046,002046,4.47%,3.51%,2.93%,2.48,1.87,1.53
000997,000997,3.27%,2.51%,2.49%,2.06,2.31,1.57
001685,001685,20.19%,20.86%,22.69%,1.69,0.67,0.29
001308,001308,0.11%,0.11%,0.16%,6.98,9.09,9.85
001758,001758,20.04%,19.93%,21.19%,2.18,1.61,0.52
000149,000149,3.08%,2.32%,2.16%,1.13,1.45,1.60
002031,002031,19.35%,17.67%,17.85%,1.96,1.49,0.89
000325,000325,0.10%,0.10%,0.16%,6.27,7.66,8.41
001867,001867,0.09%,0.09%,0.14%,4.90,6.85,8.05
001534,001534,28.10%,25.03%,24.08%,1.89,1.33,0.79
001164,001164,2.70%,2.34%,3.02%,2.39,1.96,1.54
001471,001471,24.11%,25.28%,23.94%,2.36,1.61,0.94
001021,001021,3.24%,2.71%,2.53%,0.13,0.98,1.07
001888,001888,23.33%,22.71%,22.23%,2.54,1.70,1.03
001922,001922,7.35%,6.38%,5.41%,2.62,2.15,1.69
001133,001133,22.28%,22.30%,21.55%,1.37,0.82,0.15
001563,001563,22.78%,21.80%,21.69%,1.81,1.40,0.89
000722,000722,0.11%,0.11%,0.15%,6.15,7.73,9.07
001830,001830,20.35%,21.99%,20.94%,2.82,1.87,1.27
000688,000688,19.22%,19.41%,19.40%,1.25,0.86,0.45
000372,000372,1.67%,1.47%,1.45%,1.09,2.15,2.28
000667,000667,3.27%,3.94%,3.74%,4.47,1.97,1.16
001975,001975,21.68%,21.82%,21.55%,2.35,1.81,1.04
001076,001076,22.47%,23.16%,24.37%,1.63,1.33,0.94
001426,001426,20.40%,20.40%,19.70%,1.46,0.96,0.36
001349,001349,20.64%,20.47%,21.47%,2.12,1.38,0.21
001719,001719,26.51%,25.13%,24.61%,1.33,1.34,0.59
000108,000108,--,--,--,--,--,--
001826,001826,0.10%,0.12%,0.16%,7.16,8.69,9.86
000734,000734,0.09%,0.10%,0.12%,5.57,7.29,8.42
001575,001575,3.44%,2.50%,2.10%,0.57,0.84,1.25
001125,001125,26.41%,25.13%,24.36%,1.98,1.61,0.70
001430,001430,18.30%,14.55%,12.03%,0.17,0.58,0.51
001060,001060,11.22%,17.54%,16.45%,2.43,1.28,0.91
000221,000221,2.06%,1.88%,2.46%,2.00,3.18,1.03
001963,001963,1.18%,1.51%,1.40%,2.09,1.01,1.55
002027,002027,2.57%,2.19%,2.16%,3.22,3.54,2.35
001488,001488,5.23%,3.97%,5.80%,2.33,1.41,0.53
001172,001172,4.29%,4.49%,4.32%,2.49,1.64,1.06
001522,001522,5.07%,5.26%,4.38%,2.69,2.33,2.08
000299,000299,1.79%,1.48%,1.38%,-0.05,1.09,1.11
001871,001871,0.10%,0.10%,0.15%,6.84,8.95,9.65
000763,000763,18.98%,14.73%,13.33%,2.13,1.96,1.35
000333,000333,10.77%,7.95%,6.53%,1.24,0.97,0.87
001934,001934,4.54%,3.65%,3.38%,0.04,-0.23,-0.24
000626,000626,0.11%,0.11%,0.15%,4.69,7.11,8.43
001037,001037,23.44%,23.98%,24.07%,2.31,1.55,0.52
001467,001467,10.62%,9.26%,8.18%,0.52,0.17,-0.27
000962,000962,21.12%,23.07%,22.28%,1.33,0.77,0.11
001220,001220,21.34%,19.86%,20.34%,2.40,1.77,0.82
000061,000061,26.76%,25.12%,25.09%,1.70,1.05,0.08
000431,000431,24.37%,23.68%,25.26%,2.66,1.78,1.15
000124,000124,27.44%,24.70%,23.91%,2.38,1.56,0.93
000574,000574,21.58%,20.36%,22.35%,2.29,1.92,0.83
001735,001735,28.58%,24.17%,23.17%,1.30,1.09,0.57
000827,000827,30.41%,27.19%,25.86%,1.22,1.15,0.68
001365,001365,23.32%,22.37%,23.34%,2.60,1.67,0.87
001559,001559,23.74%,24.18%,23.89%,2.66,1.87,1.13
000718,000718,--,--,--,--,--,--
000466,000466,5.09%,4.73%,4.24%,1.66,0.37,0.24
001277,001277,19.49%,19.96%,19.61%,1.28,0.68,0.22
000935,000935,20.52%,17.68%,16.81%,1.91,1.56,0.72
001332,001332,5.59%,7.62%,8.23%,1.87,1.47,0.75
001298,001298,25.86%,26.50%,25.80%,2.29,1.62,0.89
001762,001762,10.64%,8.84%,7.27%,0.52,0.27,0.51
000870,000870,23.71%,22.72%,23.23%,2.24,1.60,0.70
000523,000523,18.98%,20.86%,23.38%,2.93,1.88,1.13
000489,000489,1.50%,1.48%,1.33%,1.23,1.34,1.78
000173,000173,24.88%,22.40%,23.30%,1.60,1.20,0.75
001918,001918,2.89%,2.19%,1.93%,-0.82,0.33,0.75
000923,000923,0.11%,0.11%,0.16%,5.26,7.39,8.29
001631,001631,23.27%,23.50%,24.25%,2.18,1.69,1.20
000889,000889,1.93%,1.61%,2.40%,0.38,0.97,0.93
001261,001261,30.27%,25.02%,21.15%,1.00,0.57,0.30
000020,000020,19.33%,20.20%,21.05%,2.88,2.07,1.07
000470,000470,--,--,--,--,--,--
000165,000165,19.92%,16.21%,14.54%,2.31,1.84,1.30
000535,000535,30.63%,26.08%,23.79%,1.45,0.94,0.42
000866,000866,23.92%,22.88%,22.37%,2.28,1.36,0.62
001774,001774,--,--,--,--,--,--
001324,001324,3.94%,4.82%,4.66%,3.93,2.48,1.78
001148,001148,16.46%,12.40%,11.20%,1.96,1.31,1.19
001518,001518,26.62%,24.86%,25.84%,0.83,0.74,0.48
000759,000759,0.10%,0.11%,0.14%,10.76,11.93,12.29
000309,000309,24.97%,23.91%,23.53%,1.99,1.45,0.78
000077,000077,1.55%,1.43%,1.65%,0.85,2.12,2.02
001236,001236,22.61%,20.92%,21.15%,2.38,1.70,1.03
000974,000974,20.55%,19.71%,20.51%,1.52,0.91,0.44
001666,001666,0.09%,0.11%,0.16%,10.12,11.06,11.48
001373,001373,20.84%,21.42%,21.95%,2.08,1.51,0.95
000831,000831,24.60%,23.92%,23.51%,2.32,1.71,1.17
001723,001723,29.49%,25.94%,25.58%,0.99,0.71,-0.01
000562,000562,1.81%,1.41%,1.57%,0.44,1.12,1.17
001959,001959,28.94%,28.33%,27.93%,1.80,1.55,0.62
001958,001958,4.42%,3.82%,--,0.84,1.12,--
000076,000076,20.63%,20.63%,20.63%,1.02,1.02,1.02
001237,001237,18.46%,18.91%,19.28%,0.95,0.81,0.54
000975,000975,19.55%,19.48%,19.16%,1.39,1.06,0.50
001667,001667,18.41%,17.91%,19.73%,3.23,2.25,1.02
001688,001688,5.74%,4.43%,4.47%,2.63,1.74,1.09
000830,000830,0.11%,0.12%,0.16%,8.25,9.72,10.46
001722,001722,4.54%,3.43%,3.98%,2.02,1.74,1.03
000563,000563,1.93%,1.55%,1.55%,0.93,2.08,2.28
001149,001149,17.36%,18.37%,19.12%,1.19,0.96,0.67
000758,000758,0.09%,0.11%,0.16%,5.88,7.51,8.89
000308,000308,23.00%,20.75%,20.62%,1.74,1.67,0.80
000922,000922,0.10%,0.11%,0.16%,4.82,7.00,8.01
001630,001630,27.61%,31.20%,30.42%,1.02,0.86,0.43
000021,000021,24.04%,22.96%,22.64%,1.82,1.31,0.59
000471,000471,21.03%,20.60%,22.63%,2.17,1.59,0.21
000164,000164,--,--,--,--,--,--
000534,000534,28.84%,26.54%,24.61%,2.18,1.49,0.83
000867,000867,23.61%,22.98%,24.42%,2.00,1.38,0.88
001775,001775,1.00%,0.75%,2.13%,0.26,1.29,0.40
001325,001325,4.80%,4.19%,4.65%,2.19,1.79,1.22
001919,001919,2.91%,2.21%,2.03%,-0.81,0.27,0.91
000037,000037,0.10%,0.12%,0.14%,12.32,14.03,15.41
001276,001276,22.45%,20.89%,20.26%,2.01,1.39,0.71
001626,001626,19.18%,19.85%,20.59%,2.54,1.68,0.85
000934,000934,22.37%,22.13%,22.35%,2.19,1.33,0.85
001299,001299,1.60%,1.31%,1.36%,1.98,3.05,2.94
001763,001763,19.41%,19.02%,18.68%,2.00,1.18,0.54
000871,000871,0.11%,0.13%,0.16%,5.55,7.44,8.67
000522,000522,33.33%,30.66%,29.93%,1.83,1.48,0.69
000488,000488,0.20%,0.20%,0.24%,0.53,0.53,9.62
000172,000172,18.64%,19.34%,19.28%,1.36,0.91,0.42
001558,001558,23.75%,24.18%,23.89%,2.68,1.88,1.14
000719,000719,0.09%,0.11%,0.15%,7.71,9.08,10.09
000963,000963,16.75%,17.98%,17.99%,1.92,1.42,0.74
000575,000575,0.09%,0.11%,0.15%,8.88,10.17,11.25
001734,001734,28.61%,24.19%,23.18%,1.30,1.09,0.57
000826,000826,30.34%,27.16%,25.83%,1.22,1.15,0.68
001364,001364,18.70%,20.21%,22.55%,1.80,0.59,0.06
001489,001489,5.24%,3.98%,5.81%,2.29,1.33,0.46
001173,001173,16.58%,13.06%,11.64%,1.08,0.91,0.40
001523,001523,5.07%,5.91%,5.91%,2.67,2.57,2.57
000298,000298,1.82%,1.50%,1.38%,0.23,1.39,1.39
001870,001870,0.09%,0.10%,0.14%,4.53,6.93,8.18
000762,000762,3.33%,3.39%,4.80%,2.53,2.42,1.75
000332,000332,0.11%,0.12%,0.16%,6.54,8.59,9.80
001935,001935,4.54%,3.65%,3.38%,0.04,-0.23,-0.24
000627,000627,0.11%,0.12%,0.15%,6.72,8.96,9.84
000277,000277,2.07%,1.80%,1.81%,2.24,2.97,2.48
001036,001036,24.77%,24.80%,24.84%,1.99,1.47,0.78
001466,001466,10.61%,9.26%,8.19%,0.53,0.18,-0.26
002026,002026,4.15%,3.24%,3.00%,2.32,2.31,2.07
001827,001827,22.77%,21.58%,20.31%,2.38,1.60,0.93
000735,000735,0.10%,0.10%,0.12%,7.81,9.30,10.10
001574,001574,26.25%,26.28%,26.39%,1.36,1.38,0.76
001124,001124,4.23%,3.40%,3.31%,1.62,1.22,0.78
001061,001061,13.59%,9.82%,8.43%,-0.86,-0.17,-0.08
000220,000220,26.75%,24.28%,24.97%,2.19,1.81,1.35
001348,001348,19.24%,18.15%,19.36%,1.02,0.43,0.06
001718,001718,24.47%,22.60%,21.15%,2.09,1.63,1.01
000559,000559,0.09%,0.10%,0.14%,6.82,8.68,9.41
000109,000109,3.02%,2.77%,2.58%,1.53,1.88,1.60
001562,001562,12.53%,15.46%,--,1.58,1.53,--
000723,000723,5.14%,6.00%,5.92%,0.80,0.54,0.07
001831,001831,--,--,--,--,--,--
000689,000689,22.84%,19.26%,18.10%,1.43,1.07,0.38
000373,000373,21.37%,23.01%,22.85%,1.99,0.98,0.69
001974,001974,20.83%,20.29%,20.06%,1.72,1.21,0.77
000236,000236,4.15%,4.74%,5.17%,1.80,1.18,0.69
001077,001077,0.08%,0.10%,0.14%,9.08,9.69,10.32
001427,001427,3.76%,6.47%,6.90%,2.72,1.44,0.69
000324,000324,0.09%,0.10%,0.16%,3.91,5.54,7.01
001866,001866,14.86%,12.50%,12.45%,2.28,1.48,0.71
001535,001535,17.25%,18.45%,20.01%,1.54,1.11,0.33
001165,001165,2.69%,2.33%,2.13%,2.20,1.74,1.41
001470,001470,4.18%,3.78%,3.59%,3.17,2.76,2.27
001889,001889,1.34%,1.25%,1.22%,1.10,2.91,3.04
001309,001309,5.17%,5.76%,6.56%,2.71,2.10,1.48
001759,001759,23.47%,22.72%,23.73%,1.75,1.18,0.57
000148,000148,2.19%,1.82%,2.00%,0.48,1.79,1.99
002030,002030,5.00%,10.90%,13.34%,3.26,0.68,0.25
001391,001391,0.10%,0.10%,0.16%,6.20,8.94,9.59
000979,000979,16.57%,14.81%,16.43%,1.50,1.25,0.69
000580,000580,0.10%,0.13%,0.16%,6.64,7.10,8.62
000996,000996,22.80%,21.67%,22.55%,2.39,1.81,0.61
000646,000646,15.82%,18.14%,20.07%,1.07,0.49,0.20
000216,000216,16.77%,13.92%,12.07%,0.93,1.47,0.94
001057,001057,0.10%,0.12%,0.17%,8.62,9.64,10.20
001407,001407,3.36%,2.82%,2.39%,2.65,2.37,2.09
001112,001112,19.76%,20.81%,21.15%,1.57,1.19,0.83
001542,001542,29.18%,26.93%,26.52%,1.86,1.31,0.72
001811,001811,23.14%,22.83%,22.85%,1.68,1.54,0.97
000187,000187,2.56%,2.11%,2.07%,0.94,1.43,1.99
002010,002010,3.04%,2.61%,2.51%,2.95,3.11,2.56
000884,000884,21.78%,21.49%,21.28%,2.52,1.57,1.16
001796,001796,16.00%,12.71%,11.28%,1.74,1.57,1.29
001329,001329,5.46%,4.42%,3.99%,2.62,1.64,1.34
001283,001283,10.76%,12.69%,12.96%,2.38,1.27,0.67
001779,001779,6.93%,5.05%,4.74%,1.55,1.09,0.46
000538,000538,8.60%,6.87%,6.58%,1.66,1.03,0.49
001000,001000,30.53%,28.04%,27.09%,1.89,1.44,0.66
000241,000241,26.97%,27.22%,26.77%,1.93,1.61,0.80
001903,001903,5.23%,3.92%,4.06%,2.84,2.31,1.71
000754,000754,2.52%,3.88%,3.46%,3.11,1.43,1.08
001515,001515,25.01%,23.87%,23.28%,2.21,1.38,0.61
001780,001780,26.80%,22.70%,21.00%,1.70,1.42,0.69
000892,000892,14.07%,13.02%,13.45%,0.57,0.47,0.10
002006,002006,4.58%,4.60%,5.12%,2.72,2.24,1.58
000191,000191,1.61%,1.36%,1.32%,1.27,2.64,2.78
000484,000484,0.11%,0.13%,0.16%,5.56,6.97,8.71
001915,001915,25.15%,25.58%,27.35%,2.63,1.83,1.17
000607,000607,0.09%,0.11%,0.16%,6.17,7.68,9.07
001016,001016,20.43%,20.18%,19.68%,1.29,0.97,0.52
001446,001446,3.95%,6.53%,6.99%,2.52,1.37,0.63
001153,001153,--,--,--,--,--,--
001503,001503,4.56%,3.83%,3.39%,2.98,2.55,2.08
001850,001850,6.84%,6.60%,6.36%,2.64,1.95,1.35
000742,000742,29.46%,26.62%,26.08%,1.79,1.29,0.68
000312,000312,20.25%,20.19%,19.98%,1.67,1.20,0.72
002051,002051,5.05%,4.70%,4.43%,-0.31,0.20,0.06
000596,000596,30.87%,28.31%,27.55%,1.40,0.93,0.32
001387,001387,23.17%,20.66%,20.72%,2.84,2.02,1.20
001692,001692,21.70%,21.58%,21.38%,2.44,1.90,1.10
000980,000980,0.09%,0.11%,0.13%,8.99,9.87,10.99
001368,001368,--,--,--,--,--,--
001738,001738,17.30%,16.58%,--,0.86,0.61,--
000083,000083,22.80%,21.56%,22.74%,2.21,1.96,1.40
000579,000579,13.62%,10.84%,9.31%,0.25,0.31,-0.05
000129,000129,0.53%,0.44%,0.48%,2.88,3.90,4.48
001411,001411,5.19%,4.80%,4.47%,-0.28,0.22,0.08
001041,001041,0.17%,0.16%,0.20%,3.91,6.63,8.15
000200,000200,1.60%,1.61%,1.62%,2.52,3.03,2.25
001942,001942,20.97%,22.31%,18.31%,1.24,1.10,0.87
000650,000650,0.10%,0.11%,0.14%,7.61,9.39,10.65
000345,000345,1.86%,1.99%,1.94%,3.51,5.14,5.05
001807,001807,3.39%,3.62%,3.80%,3.18,2.40,1.05
000715,000715,19.48%,13.92%,11.37%,-0.95,-0.60,-0.40
001104,001104,22.45%,21.07%,19.77%,2.45,2.19,1.38
001313,001313,27.03%,27.61%,28.12%,1.84,1.40,0.49
001743,001743,8.53%,8.33%,6.89%,0.66,1.43,1.24
000502,000502,6.24%,4.76%,4.00%,1.17,1.48,1.52
000152,000152,1.98%,1.59%,1.55%,0.59,1.40,1.47
000017,000017,24.00%,22.08%,22.06%,2.23,1.81,1.09
001256,001256,19.48%,19.13%,19.24%,2.25,1.41,0.86
001606,001606,30.95%,24.29%,24.51%,2.69,2.04,1.06
000914,000914,2.31%,1.76%,1.95%,1.40,2.53,2.10
000294,000294,22.85%,21.37%,21.83%,2.60,2.20,1.42
001485,001485,2.65%,2.46%,2.40%,2.02,2.01,1.69
001190,001190,3.97%,3.50%,3.22%,2.27,2.18,1.75
001893,001893,0.10%,0.11%,0.14%,7.18,9.17,10.31
001939,001939,5.05%,5.11%,4.83%,2.79,1.67,1.28
000105,000105,1.11%,1.49%,1.36%,1.98,2.25,2.45
001714,001714,21.93%,21.37%,21.22%,2.66,2.07,1.45
001344,001344,23.12%,24.16%,--,1.85,1.00,--
001651,001651,19.61%,18.44%,18.66%,2.32,1.56,1.06
000943,000943,2.38%,1.90%,1.80%,0.35,1.33,1.58
001201,001201,4.89%,4.50%,5.07%,3.39,2.35,1.26
000410,000410,20.54%,19.21%,19.01%,2.17,1.26,0.76
001128,001128,22.77%,21.49%,22.33%,1.71,1.37,0.61
001578,001578,2.03%,1.68%,1.56%,0.72,1.90,2.61
000739,000739,24.92%,23.82%,23.26%,2.23,1.40,0.62
001981,001981,0.09%,0.10%,0.15%,5.68,7.77,8.89
000693,000693,0.10%,0.12%,0.15%,6.65,8.85,10.19
000369,000369,21.43%,18.84%,17.18%,0.57,0.34,0.51
000386,000386,4.09%,3.39%,3.47%,1.03,1.16,0.85
001352,001352,7.34%,6.61%,6.38%,2.92,2.34,1.82
000810,000810,11.87%,9.27%,7.89%,1.55,0.90,0.83
001702,001702,29.22%,26.73%,26.55%,2.34,1.88,0.90
000543,000543,0.10%,0.11%,0.14%,8.47,10.21,11.40
000113,000113,1.75%,1.48%,1.45%,0.48,1.31,1.68
000406,000406,5.22%,4.84%,4.89%,1.26,1.17,1.03
000056,000056,19.72%,17.88%,18.03%,1.93,1.73,0.81
001217,001217,20.59%,17.97%,15.23%,2.62,2.61,2.10
000955,000955,20.34%,19.86%,20.84%,2.25,1.52,0.62
001997,001997,20.52%,16.57%,16.09%,3.29,2.42,1.56
001094,001094,0.09%,0.11%,0.15%,6.76,8.53,9.64
001581,001581,22.69%,20.81%,20.96%,2.02,1.53,1.14
000390,000390,25.55%,24.99%,23.15%,1.36,1.29,0.89
001978,001978,25.15%,23.50%,22.66%,1.80,1.38,0.78
000514,000514,--,--,--,--,--,--
000847,000847,0.09%,0.10%,0.14%,6.19,8.28,9.19
001755,001755,5.25%,4.47%,3.81%,2.18,1.59,1.41
001305,001305,25.42%,25.06%,23.54%,1.76,1.09,0.44
000902,000902,0.11%,0.12%,0.17%,5.88,7.85,8.64
001610,001610,15.74%,11.75%,11.33%,1.35,1.04,0.62
001240,001240,0.13%,0.14%,0.17%,3.56,6.04,8.26
000001,000001,18.69%,18.18%,18.25%,1.64,1.16,0.55
001539,001539,21.38%,21.56%,21.16%,0.33,0.47,0.19
000778,000778,18.72%,19.64%,20.09%,2.76,1.95,0.92
000328,000328,24.40%,23.76%,26.12%,2.63,1.76,0.60
000797,000797,0.08%,0.10%,0.14%,11.94,12.35,11.92
001885,001885,19.56%,19.07%,18.75%,1.62,1.70,1.06
001186,001186,23.07%,22.56%,21.54%,2.85,1.85,1.26
001532,001532,23.58%,21.88%,20.73%,2.26,1.86,1.12
001498,001498,13.00%,12.15%,11.99%,2.23,1.78,1.50
001162,001162,24.57%,24.15%,24.42%,1.28,1.07,0.59
000289,000289,1.35%,1.29%,1.81%,1.08,2.15,1.27
000773,000773,0.10%,0.11%,0.14%,6.49,8.61,9.79
001861,001861,23.10%,21.97%,22.22%,2.38,1.72,1.17
000266,000266,1.38%,1.27%,1.12%,1.52,3.08,3.40
001924,001924,25.48%,24.50%,24.28%,1.91,1.38,0.62
001477,001477,0.10%,0.12%,0.16%,4.92,6.86,8.45
001027,001027,23.54%,22.10%,21.80%,1.80,1.52,0.91
001709,001709,28.32%,22.25%,20.66%,1.88,1.31,0.83
001359,001359,17.42%,17.76%,17.57%,2.50,1.74,0.89
000118,000118,6.91%,9.43%,9.22%,2.53,1.69,1.06
000548,000548,0.09%,0.10%,0.15%,6.93,8.64,9.12
000724,000724,0.10%,0.10%,0.15%,5.02,7.44,8.82
001836,001836,3.34%,5.47%,--,3.31,2.06,--
001135,001135,24.68%,22.29%,21.61%,1.84,1.44,0.80
001070,001070,23.92%,22.83%,22.80%,1.92,1.76,0.79
001420,001420,20.39%,20.39%,19.70%,1.48,0.98,0.38
000661,000661,0.00%,0.00%,0.26%,-7.37,-97.03,-2.23
001973,001973,0.09%,0.10%,0.14%,6.99,8.86,9.85
000948,000948,17.87%,17.36%,17.12%,-0.90,-0.09,-0.22
001573,001573,22.37%,24.26%,--,2.50,1.58,--
001123,001123,5.46%,4.81%,4.31%,1.88,1.78,1.42
000698,000698,30.35%,28.83%,28.24%,1.84,1.50,0.82
000362,000362,23.11%,22.95%,22.26%,2.77,1.79,1.14
001820,001820,0.09%,0.09%,0.14%,9.85,11.53,11.15
000227,000227,2.94%,2.67%,2.40%,2.40,2.29,2.27
001965,001965,20.56%,18.73%,19.34%,2.18,1.77,1.00
000677,000677,0.10%,0.12%,0.15%,7.42,9.07,10.55
001066,001066,2.83%,2.72%,3.93%,1.61,1.58,1.25
001748,001748,7.91%,6.97%,--,2.92,2.29,--
001318,001318,9.73%,9.80%,10.13%,2.14,1.03,0.31
000159,000159,--,--,--,--,--,--
000509,000509,0.09%,0.10%,0.14%,7.54,9.31,10.17
002021,002021,15.07%,15.36%,17.19%,1.68,1.33,0.84
001877,001877,27.44%,25.55%,25.19%,1.30,0.85,0.33
000335,000335,2.74%,2.16%,1.92%,0.63,1.58,1.78
001174,001174,16.58%,13.07%,11.65%,1.07,0.89,0.37
001524,001524,7.31%,7.96%,8.09%,0.89,0.81,0.34
001031,001031,12.65%,9.46%,7.94%,0.71,0.63,0.64
001932,001932,5.80%,4.72%,3.93%,2.92,1.93,1.64
000620,000620,0.10%,0.11%,0.15%,9.32,10.58,11.36
001898,001898,21.08%,20.97%,21.43%,2.08,1.73,1.15
000270,000270,3.46%,2.64%,2.38%,0.60,0.19,0.34
000067,000067,14.82%,12.78%,12.58%,1.13,1.14,0.52
000437,000437,1.92%,1.63%,1.56%,1.19,2.25,2.30
001676,001676,17.51%,18.49%,17.98%,0.63,0.71,0.14
001226,001226,13.78%,12.00%,10.01%,0.94,0.66,0.53
001733,001733,19.66%,22.27%,21.74%,1.54,0.86,0.24
001699,001699,0.11%,0.10%,0.16%,3.01,5.12,6.94
001363,001363,15.50%,11.79%,9.68%,1.81,1.35,1.11
000122,000122,3.32%,3.15%,3.20%,1.14,1.20,0.70
000088,000088,3.32%,2.59%,2.39%,-1.26,-1.16,-1.02
000572,000572,4.31%,4.45%,4.17%,3.67,2.48,1.97
001949,001949,3.29%,2.73%,2.47%,0.61,1.18,1.31
000899,000899,2.39%,1.86%,1.68%,0.24,0.75,1.14
001271,001271,26.51%,21.43%,18.28%,1.25,1.16,0.86
001621,001621,0.09%,0.10%,0.13%,2.39,4.74,7.10
000933,000933,5.85%,8.72%,7.19%,1.80,1.35,1.26
000030,000030,23.05%,17.25%,14.19%,1.34,1.07,0.86
000175,000175,1.95%,1.78%,2.28%,0.92,2.52,0.67
001334,001334,4.60%,3.85%,3.41%,2.95,2.54,2.07
001764,001764,24.57%,22.35%,22.90%,2.29,1.17,0.57
000876,000876,3.33%,2.72%,2.51%,1.39,1.59,1.54
001508,001508,19.62%,19.23%,19.02%,3.14,2.55,2.06
001158,001158,21.94%,21.12%,21.54%,2.19,1.37,0.47
000319,000319,2.05%,1.62%,1.48%,1.30,1.98,2.05
000476,000476,0.09%,0.10%,0.16%,8.32,9.77,10.03
000925,000925,21.63%,22.30%,25.59%,2.14,1.19,0.29
001637,001637,21.67%,23.02%,22.35%,1.79,1.28,0.49
001267,001267,23.66%,21.78%,22.41%,1.56,1.37,0.74
000860,000860,0.10%,0.11%,0.16%,8.44,10.10,10.84
001772,001772,9.19%,8.31%,9.48%,-0.88,0.50,0.29
001322,001322,22.91%,23.18%,23.84%,2.06,1.29,0.35
000533,000533,0.10%,0.12%,0.15%,7.84,9.48,10.87
001908,001908,23.36%,20.89%,17.37%,2.55,1.93,1.56
001230,001230,25.08%,24.51%,26.00%,2.20,1.48,0.99
000972,000972,15.69%,14.72%,15.42%,2.06,1.46,0.71
001660,001660,19.82%,18.54%,--,0.95,0.89,--
000421,000421,2.12%,1.73%,1.59%,0.66,1.50,1.65
000071,000071,17.65%,17.20%,17.03%,-0.87,-0.49,-0.17
000564,000564,1.90%,1.51%,1.53%,0.75,1.85,2.06
000134,000134,0.70%,0.51%,0.43%,1.27,2.50,4.06
001375,001375,17.11%,16.62%,15.86%,2.03,1.21,0.50
000837,000837,0.10%,0.12%,0.16%,11.81,11.51,12.29
001725,001725,22.24%,20.37%,20.71%,2.08,1.40,1.02
001549,001549,18.48%,19.06%,19.28%,0.91,0.83,0.57
000708,000708,2.39%,2.18%,2.17%,2.12,1.95,1.76
001181,001181,20.87%,18.51%,18.13%,2.26,1.59,0.86
001928,001928,22.36%,21.02%,21.01%,2.04,1.50,1.03
000790,000790,0.10%,0.11%,0.15%,9.36,10.58,11.46
001882,001882,20.84%,21.21%,20.87%,1.15,0.67,0.43
000840,000840,2.05%,1.79%,1.72%,0.32,1.05,0.78
001752,001752,5.02%,4.30%,6.70%,0.90,0.62,-0.86
001302,001302,36.36%,31.32%,27.66%,0.80,0.82,0.33
000143,000143,5.60%,4.82%,4.29%,2.22,2.06,1.37
000513,000513,21.20%,22.09%,22.86%,2.75,2.02,1.10
000006,000006,21.93%,--,--,2.54,--,--
000905,000905,0.09%,0.11%,0.14%,13.10,12.89,13.54
001617,001617,31.47%,31.89%,30.06%,1.44,1.15,0.52
001247,001247,11.27%,8.22%,7.45%,1.53,1.11,0.78
001093,001093,23.44%,25.38%,23.22%,1.09,0.14,0.21
001569,001569,26.24%,27.25%,26.20%,2.53,1.44,0.64
001139,001139,2.28%,2.25%,2.22%,2.08,1.82,1.62
000682,000682,0.07%,0.09%,0.14%,8.42,8.72,9.04
001990,001990,21.09%,22.67%,22.43%,2.52,1.68,0.95
000378,000378,4.12%,3.44%,4.15%,1.33,1.42,0.33
000728,000728,1.55%,1.52%,1.59%,2.31,2.46,1.90
000397,000397,0.09%,0.11%,0.16%,7.76,8.99,10.06
000114,000114,--,--,--,--,--,--
001355,001355,8.59%,7.44%,6.11%,0.81,0.62,0.71
000817,000817,1.96%,1.58%,1.52%,1.33,2.41,2.62
001705,001705,21.07%,20.78%,20.83%,2.95,1.98,1.12
001210,001210,33.10%,30.42%,28.56%,1.47,1.39,0.78
000952,000952,0.12%,0.13%,0.17%,8.78,10.93,11.92
000051,000051,19.66%,19.85%,19.56%,1.09,0.85,0.43
001986,001986,27.77%,27.53%,27.30%,1.99,1.36,0.54
000694,000694,1.65%,1.40%,1.74%,0.48,2.09,1.74
000381,000381,0.10%,0.10%,0.14%,10.71,11.95,11.89
001969,001969,1.94%,1.46%,1.24%,0.76,1.04,1.50
000801,000801,1.35%,1.32%,1.18%,1.07,1.71,1.94
001343,001343,3.28%,7.68%,7.90%,3.43,1.32,0.91
000552,000552,1.76%,2.59%,2.36%,1.87,1.33,1.56
000047,000047,9.00%,7.95%,6.86%,2.06,1.58,1.25
000417,000417,21.95%,23.79%,23.02%,2.31,1.13,0.51
001656,001656,28.75%,24.60%,23.21%,1.92,1.32,0.74
000944,000944,2.37%,1.89%,1.78%,0.16,1.11,1.36
001528,001528,18.07%,17.76%,17.89%,2.05,1.20,0.88
001482,001482,23.23%,22.25%,23.07%,2.47,1.80,0.87
001178,001178,16.87%,21.45%,21.45%,1.86,1.58,0.90
000339,000339,23.88%,22.12%,22.27%,2.57,2.14,1.38
001894,001894,0.10%,0.13%,0.20%,4.76,6.96,6.88
000786,000786,0.10%,0.11%,0.15%,6.25,8.47,9.22
001197,001197,20.61%,17.14%,15.46%,2.14,1.44,0.96
000505,000505,0.09%,0.10%,0.13%,6.44,7.95,9.24
000155,000155,--,--,--,--,--,--
001314,001314,7.85%,6.80%,6.81%,2.98,2.60,1.88
001744,001744,8.83%,11.51%,12.26%,1.11,0.66,0.14
000856,000856,0.11%,0.13%,0.13%,23.14,15.32,11.96
001251,001251,0.07%,0.09%,0.15%,6.89,8.95,8.36
001601,001601,20.29%,15.39%,13.29%,1.42,1.12,0.68
000913,000913,28.18%,27.36%,27.92%,2.18,1.80,1.31
000010,000010,0.10%,0.11%,0.15%,9.16,10.53,11.44
000207,000207,7.87%,7.20%,7.61%,0.56,0.46,-0.05
001945,001945,2.51%,2.73%,2.58%,1.74,2.06,1.85
000657,000657,0.00%,0.00%,0.11%,--,-3.53,-11.56
001416,001416,22.51%,21.78%,21.69%,1.88,1.41,0.54
001046,001046,--,--,--,--,--,--
001553,001553,29.86%,30.58%,28.26%,0.86,0.88,0.38
001103,001103,14.55%,19.47%,17.64%,1.73,1.62,1.27
000342,000342,14.38%,10.59%,8.98%,-0.53,0.17,0.16
001800,001800,7.54%,7.17%,6.56%,0.84,1.25,1.29
000712,000712,0.08%,0.09%,0.14%,5.63,6.43,7.53
001380,001380,2.78%,3.26%,3.69%,3.21,2.41,1.49
000968,000968,20.43%,21.08%,20.89%,1.61,0.89,0.37
000591,000591,18.36%,16.40%,17.69%,1.85,1.20,0.69
000084,000084,0.63%,0.56%,0.82%,2.77,3.89,3.08
001695,001695,16.56%,16.88%,16.94%,3.06,2.10,1.32
001011,001011,2.86%,2.67%,3.61%,1.47,1.92,0.53
001441,001441,13.17%,14.86%,--,1.70,1.61,--
000600,000600,0.09%,0.11%,0.15%,9.09,10.04,10.76
001857,001857,24.66%,24.03%,--,1.71,1.52,--
000745,000745,6.08%,4.60%,3.82%,-0.93,-0.58,-0.06
001154,001154,19.69%,20.40%,20.80%,1.76,1.07,0.19
001504,001504,5.13%,4.34%,3.75%,2.68,2.36,1.97
002001,002001,15.54%,15.23%,16.69%,1.70,1.36,0.87
000196,000196,6.96%,5.89%,4.96%,2.69,2.05,1.78
000895,000895,0.08%,0.10%,0.15%,8.98,9.89,10.65
001338,001338,2.57%,2.48%,2.52%,1.59,2.23,2.11
000483,000483,0.10%,0.12%,0.15%,3.37,5.28,7.32
000179,000179,45.59%,33.93%,28.99%,-0.35,0.00,0.01
000529,000529,24.07%,22.97%,24.02%,2.13,1.80,1.01
000246,000246,2.08%,1.86%,2.01%,3.00,3.33,2.41
000616,000616,4.02%,4.20%,4.11%,0.17,1.03,0.39
001904,001904,5.18%,3.88%,4.04%,2.87,2.29,1.71
001457,001457,21.99%,20.93%,22.37%,2.53,1.79,0.64
001007,001007,20.21%,21.19%,22.45%,2.39,1.88,1.01
001512,001512,2.81%,2.24%,2.06%,0.12,0.80,0.96
001142,001142,6.91%,10.78%,11.16%,1.63,1.57,1.03
000753,000753,2.52%,3.89%,3.47%,3.27,1.54,1.19
000883,000883,0.10%,0.12%,0.17%,5.90,8.11,9.02
001791,001791,3.25%,3.40%,3.37%,0.99,0.30,0.01
000929,000929,16.85%,13.97%,12.12%,0.91,1.46,0.94
000180,000180,47.66%,35.28%,29.90%,-0.24,0.02,-0.02
002017,002017,3.55%,6.55%,7.09%,2.64,1.30,0.60
000495,000495,0.09%,0.11%,0.16%,9.41,10.37,11.09
001284,001284,10.76%,12.70%,12.96%,2.35,1.25,0.65
001050,001050,20.23%,21.31%,20.83%,2.05,1.35,0.62
001400,001400,6.42%,6.09%,5.55%,2.00,1.52,1.19
000641,000641,0.10%,0.12%,0.15%,7.56,9.18,10.59
000211,000211,0.12%,0.12%,0.15%,5.34,7.40,9.07
000704,000704,0.09%,0.11%,0.16%,6.35,7.53,8.87
001816,001816,10.53%,8.10%,7.40%,2.66,1.98,1.65
000354,000354,31.17%,28.13%,26.18%,0.86,0.81,0.23
001115,001115,5.38%,4.19%,4.46%,2.70,2.12,1.71
001545,001545,1.69%,1.49%,1.33%,0.98,2.13,2.28
000587,000587,21.73%,19.77%,20.62%,2.53,1.54,0.74
001396,001396,23.60%,22.25%,22.20%,1.87,1.45,0.65
000991,000991,24.96%,25.04%,23.92%,2.94,2.02,1.33
001683,001683,13.12%,11.34%,13.94%,-1.27,-0.27,-0.24
001379,001379,4.51%,6.38%,7.71%,3.13,1.67,0.95
000138,000138,3.30%,2.85%,2.40%,0.27,1.24,1.44
000586,000586,26.18%,24.93%,24.97%,1.55,1.19,0.50
001397,001397,20.02%,20.89%,20.35%,2.02,1.38,0.56
001728,001728,23.60%,20.90%,20.63%,1.99,1.73,1.07
000990,000990,23.15%,23.37%,22.74%,2.14,0.99,0.62
001682,001682,13.80%,16.59%,17.24%,1.55,1.23,0.50
000139,000139,0.66%,0.55%,0.65%,1.82,3.51,3.66
000569,000569,0.09%,0.11%,0.14%,8.03,9.36,10.53
001051,001051,18.76%,19.18%,19.45%,0.74,0.65,0.43
001401,001401,0.09%,0.11%,0.14%,9.98,10.58,11.47
000640,000640,0.10%,0.12%,0.15%,7.75,9.27,10.65
000210,000210,0.12%,0.12%,0.15%,3.40,5.60,7.65
000705,000705,0.10%,0.11%,0.16%,8.55,9.29,10.19
001817,001817,3.31%,4.01%,4.09%,3.39,2.58,1.46
000355,000355,2.31%,2.08%,2.02%,1.86,2.28,2.08
000882,000882,0.10%,0.11%,0.16%,3.71,6.32,7.73
001790,001790,29.43%,28.62%,28.26%,2.47,1.38,0.64
000928,000928,23.27%,20.41%,18.94%,2.04,1.44,0.91
000181,000181,4.89%,4.47%,3.97%,0.45,0.76,0.56
002016,002016,6.50%,4.98%,4.24%,2.31,1.86,1.62
000494,000494,0.09%,0.11%,0.16%,8.81,9.92,10.74
001285,001285,3.45%,4.18%,4.55%,3.40,2.94,1.49
000617,000617,4.06%,4.20%,4.08%,0.06,0.92,0.29
001905,001905,6.79%,6.66%,6.01%,0.80,0.74,0.36
001006,001006,0.09%,0.12%,0.17%,5.29,6.46,7.54
001513,001513,26.56%,26.57%,26.81%,1.90,1.57,0.98
001143,001143,23.75%,21.75%,21.60%,2.19,1.59,0.96
002000,002000,4.21%,3.12%,3.64%,2.50,2.13,0.95
000197,000197,2.30%,1.79%,1.62%,0.68,1.73,1.91
000894,000894,4.87%,4.82%,4.30%,1.42,1.47,0.88
001769,001769,7.91%,7.92%,11.26%,-0.91,0.01,0.16
001339,001339,21.93%,19.62%,18.81%,2.20,1.23,0.62
000528,000528,0.10%,0.12%,0.15%,7.05,8.85,10.53
001010,001010,0.09%,0.12%,0.15%,7.95,9.03,10.45
000601,000601,29.26%,28.76%,27.76%,2.56,1.89,1.04
000251,000251,22.40%,21.48%,21.72%,0.57,0.72,0.45
001856,001856,24.81%,22.18%,20.12%,2.68,2.35,1.57
000744,000744,6.03%,4.57%,3.79%,-0.86,-0.49,0.05
000314,000314,3.56%,6.53%,7.07%,2.78,1.39,0.67
001505,001505,5.89%,6.20%,5.61%,2.38,1.97,1.40
001381,001381,4.29%,4.49%,4.31%,2.46,1.59,1.02
000969,000969,23.90%,23.56%,23.19%,2.06,1.22,0.75
000590,000590,4.83%,4.13%,3.87%,2.24,1.95,1.65
000085,000085,0.63%,0.56%,0.83%,2.27,3.25,2.60
001694,001694,22.10%,21.27%,22.27%,3.18,2.61,1.41
000986,000986,21.71%,17.72%,16.53%,1.12,0.90,0.46
000206,000206,2.22%,1.80%,1.61%,0.52,1.47,1.79
000656,000656,19.00%,19.51%,18.50%,1.75,1.21,0.76
001417,001417,24.96%,23.50%,24.29%,2.20,1.50,1.22
001047,001047,22.32%,21.28%,22.04%,2.11,1.55,0.87
001552,001552,29.87%,30.59%,28.26%,0.87,0.89,0.39
001102,001102,24.35%,25.96%,25.61%,2.53,1.81,1.18
000343,000343,0.10%,0.11%,0.15%,7.40,9.08,10.26
001801,001801,8.36%,7.16%,6.73%,2.72,1.81,1.35
000713,000713,0.08%,0.09%,0.14%,8.23,8.69,9.06
000504,000504,1.02%,0.92%,1.34%,0.47,1.65,0.43
000154,000154,--,--,--,--,--,--
001315,001315,7.87%,6.82%,6.82%,2.95,2.56,1.85
001745,001745,6.28%,6.91%,6.87%,1.53,1.53,0.95
000857,000857,0.09%,0.09%,0.13%,7.71,9.48,9.64
001250,001250,6.42%,4.97%,4.29%,2.86,2.47,1.86
000912,000912,0.08%,0.12%,0.15%,10.67,8.36,9.33
000011,000011,21.87%,21.45%,21.70%,1.65,1.16,0.80
001529,001529,0.09%,0.10%,0.14%,6.88,8.97,9.68
001179,001179,19.96%,19.87%,19.72%,1.90,1.28,0.92
000338,000338,4.94%,4.47%,4.14%,2.11,1.84,1.74
001895,001895,0.11%,0.13%,0.21%,6.50,8.35,7.89
000787,000787,0.10%,0.10%,0.15%,3.98,6.50,7.77
001196,001196,4.90%,11.05%,14.21%,2.79,1.40,0.60
001712,001712,21.12%,21.38%,21.08%,1.94,1.25,0.79
000800,000800,22.26%,21.05%,23.17%,1.20,0.78,-0.02
001342,001342,3.29%,7.71%,7.92%,3.50,1.34,0.94
000103,000103,11.15%,8.36%,7.49%,-0.49,0.06,0.05
000553,000553,1.80%,2.58%,2.34%,1.61,1.18,1.41
000046,000046,3.41%,3.15%,3.22%,1.68,1.94,1.45
000416,000416,2.02%,1.68%,1.57%,0.87,2.44,2.64
001657,001657,18.85%,17.00%,17.59%,2.21,1.59,1.30
000945,000945,22.89%,23.50%,22.75%,2.19,1.23,0.87
001987,001987,0.09%,0.13%,0.16%,8.67,8.28,9.58
000380,000380,0.08%,0.10%,0.14%,6.85,8.65,9.17
001968,001968,1.94%,1.47%,1.24%,0.97,1.32,1.82
000545,000545,13.88%,13.36%,17.88%,2.13,1.33,0.05
000115,000115,1.81%,1.50%,1.46%,0.32,1.05,1.40
000816,000816,0.09%,0.11%,0.14%,6.62,8.07,9.31
001704,001704,27.09%,26.24%,25.64%,2.62,1.94,1.18
001211,001211,0.09%,0.10%,0.15%,6.95,8.71,9.75
000953,000953,6.46%,10.48%,11.76%,2.95,0.96,0.09
001641,001641,4.66%,4.91%,4.55%,2.42,2.16,1.63
001092,001092,22.81%,24.83%,22.82%,0.95,0.12,0.26
000683,000683,0.07%,0.08%,0.13%,3.54,5.39,6.74
001991,001991,0.10%,0.12%,0.16%,4.50,6.04,8.06
000379,000379,0.09%,0.10%,0.14%,6.66,8.66,9.85
000729,000729,21.92%,22.47%,22.59%,2.30,1.36,0.61
000396,000396,1.38%,1.23%,1.74%,0.22,1.31,1.44
000841,000841,21.47%,16.76%,14.00%,1.87,1.25,1.05
001753,001753,25.94%,23.59%,23.81%,1.40,0.91,0.31
001303,001303,14.36%,10.35%,12.79%,1.61,1.20,0.14
000142,000142,4.24%,3.41%,3.20%,1.70,1.35,1.17
000512,000512,20.51%,18.51%,16.95%,1.56,0.89,0.55
000457,000457,19.99%,22.41%,23.15%,2.25,1.30,0.31
000904,000904,21.61%,20.13%,18.84%,2.33,1.57,0.92
001616,001616,28.39%,27.52%,27.64%,2.44,1.84,0.82
001246,001246,1.54%,1.31%,1.30%,1.88,2.91,2.90
001495,001495,6.39%,7.45%,8.00%,2.54,1.00,0.57
001180,001180,21.79%,22.89%,22.84%,2.01,1.13,0.68
001929,001929,0.12%,0.15%,0.19%,4.22,5.42,6.97
000791,000791,0.10%,0.12%,0.15%,8.36,9.99,11.12
001883,001883,19.55%,19.88%,20.75%,2.76,1.92,1.10
001548,001548,18.48%,19.06%,19.28%,0.92,0.84,0.58
001118,001118,20.86%,20.51%,21.08%,2.18,1.37,0.56
000359,000359,0.09%,0.11%,0.15%,7.77,9.14,10.20
000709,000709,0.09%,0.11%,0.15%,6.72,8.63,9.86
001231,001231,5.51%,10.53%,9.07%,1.41,1.46,1.23
000973,000973,4.20%,4.27%,4.13%,2.37,1.87,1.52
001661,001661,2.27%,2.02%,1.91%,0.35,1.28,1.27
000420,000420,1.84%,1.43%,1.34%,0.18,1.40,2.10
000070,000070,2.44%,1.94%,1.79%,1.43,1.92,1.95
000135,000135,0.68%,0.49%,0.42%,1.69,3.14,4.87
001374,001374,0.11%,0.12%,0.16%,7.63,9.79,10.65
000836,000836,0.10%,0.12%,0.16%,11.81,11.51,12.29
001724,001724,16.41%,12.38%,10.36%,1.93,1.21,0.93
001909,001909,0.14%,0.13%,0.15%,8.07,10.03,11.66
000477,000477,20.28%,19.13%,20.57%,2.13,1.34,0.51
000924,000924,22.89%,23.27%,23.71%,2.79,2.06,1.34
001636,001636,10.81%,9.54%,8.92%,0.89,1.02,0.78
001266,001266,20.94%,24.63%,26.73%,2.23,1.40,0.63
001289,001289,2.51%,2.15%,2.17%,2.65,2.84,2.54
000861,000861,0.09%,0.10%,0.14%,9.00,10.44,10.80
001773,001773,4.04%,5.87%,6.83%,-0.66,1.16,0.91
001323,001323,24.41%,22.18%,23.10%,1.88,1.05,0.46
000162,000162,--,--,--,--,--,--
000532,000532,17.57%,20.03%,21.65%,2.62,1.76,1.22
000748,000748,0.10%,0.11%,0.15%,7.66,9.50,10.23
000898,000898,2.38%,1.84%,1.66%,0.42,1.00,1.42
001270,001270,26.52%,21.44%,18.29%,1.26,1.20,0.90
001620,001620,12.37%,10.70%,12.62%,-0.69,0.10,-0.08
000932,000932,5.80%,8.68%,7.15%,1.91,1.43,1.35
000031,000031,29.17%,27.68%,26.50%,2.15,1.72,0.81
000524,000524,23.50%,23.90%,22.93%,2.47,1.64,0.74
000174,000174,1.91%,1.77%,2.22%,1.14,2.77,1.29
001335,001335,5.84%,5.97%,5.42%,2.43,1.87,1.29
001765,001765,7.89%,7.97%,8.29%,2.35,1.29,0.84
000877,000877,18.77%,19.35%,19.39%,1.42,1.00,0.45
001948,001948,3.36%,2.76%,2.50%,0.73,1.32,1.45
000066,000066,14.09%,10.46%,8.68%,1.85,1.50,1.32
000436,000436,2.67%,2.80%,2.67%,1.62,2.34,2.06
001677,001677,19.95%,19.11%,20.64%,2.21,1.79,1.05
000965,000965,26.80%,28.85%,28.67%,2.11,1.53,0.73
001227,001227,23.10%,21.79%,23.16%,1.72,1.50,0.64
001732,001732,19.38%,18.73%,20.32%,1.81,0.73,0.33
001698,001698,0.11%,0.11%,0.17%,5.11,7.17,8.29
001362,001362,4.50%,6.37%,7.68%,3.17,1.70,0.98
000123,000123,3.35%,3.19%,3.22%,1.00,1.07,0.56
000089,000089,24.20%,17.29%,14.12%,-0.96,-0.63,-0.44
000573,000573,4.67%,4.02%,3.67%,2.78,2.48,1.84
001876,001876,10.47%,8.31%,7.38%,-0.18,0.25,-0.18
000764,000764,0.10%,0.12%,0.15%,5.37,7.82,9.41
000334,000334,10.77%,7.95%,6.53%,1.23,0.93,0.81
001175,001175,0.08%,0.10%,0.12%,9.21,10.24,11.07
001030,001030,20.84%,20.61%,21.62%,1.77,1.42,0.71
001933,001933,26.46%,23.14%,21.21%,2.19,1.29,0.74
000621,000621,0.10%,0.12%,0.16%,11.21,12.10,12.64
001899,001899,24.15%,26.05%,25.16%,0.75,0.57,-0.02
000271,000271,1.21%,1.18%,1.06%,1.43,2.75,3.14
001749,001749,20.25%,21.13%,--,2.98,1.86,--
001319,001319,28.25%,26.46%,25.16%,1.73,1.33,0.65
000158,000158,--,--,--,--,--,--
000508,000508,6.26%,4.93%,5.58%,1.24,1.05,0.78
002020,002020,22.29%,20.70%,19.77%,1.96,1.49,0.72
001088,001088,20.09%,20.35%,20.05%,1.89,1.04,0.23
001572,001572,3.28%,2.44%,2.28%,-0.02,0.63,1.67
001122,001122,5.47%,4.82%,4.32%,1.93,1.84,1.49
000699,000699,0.10%,0.12%,0.16%,5.37,8.09,9.59
000363,000363,23.12%,22.96%,22.26%,2.75,1.77,1.12
001821,001821,0.10%,0.10%,0.15%,11.20,12.91,12.32
000226,000226,3.36%,2.63%,2.72%,-0.35,0.37,-0.18
001964,001964,1.66%,1.56%,1.68%,1.32,2.00,1.78
001437,001437,25.36%,24.70%,23.53%,2.00,1.30,0.73
001067,001067,2.79%,3.26%,3.69%,3.28,2.47,1.53
000725,000725,0.10%,0.11%,0.15%,7.27,9.37,10.25
001837,001837,21.85%,20.42%,20.62%,1.88,0.93,0.52
001134,001134,0.08%,0.10%,0.16%,5.92,7.86,8.69
001564,001564,20.28%,20.97%,19.92%,1.59,0.91,0.47
001071,001071,25.88%,27.90%,28.98%,1.27,1.51,1.02
001421,001421,24.33%,25.22%,24.16%,1.69,0.93,0.27
000660,000660,0.00%,0.00%,0.19%,-2.62,-5.35,-5.04
001972,001972,20.55%,19.66%,19.98%,1.26,1.10,0.50
001708,001708,20.00%,18.80%,18.53%,1.32,0.77,0.36
001358,001358,6.81%,7.32%,6.58%,0.80,0.99,0.61
000119,000119,6.89%,9.44%,9.21%,2.48,1.66,1.02
000549,000549,25.94%,26.69%,25.58%,1.70,1.41,0.66
001499,001499,6.17%,6.14%,6.51%,3.23,2.57,1.69
001163,001163,22.90%,22.39%,23.08%,2.63,1.88,1.07
000322,000322,0.13%,0.14%,0.15%,6.63,8.76,10.84
000772,000772,18.13%,18.59%,20.21%,2.15,1.45,0.52
001860,001860,0.91%,0.89%,1.11%,1.68,3.20,2.93
000267,000267,3.37%,2.61%,2.20%,0.47,1.23,1.50
001925,001925,0.09%,0.10%,0.13%,6.97,7.86,8.95
001476,001476,25.98%,24.39%,24.85%,2.86,1.83,0.70
001026,001026,0.10%,0.12%,0.15%,7.92,9.37,10.71
000908,000908,0.09%,0.11%,0.15%,8.27,9.73,10.86
002036,002036,22.09%,21.44%,21.97%,2.16,1.50,1.08
001818,001818,3.45%,4.08%,4.15%,3.22,2.51,1.41
001727,001727,4.89%,4.50%,5.04%,3.38,2.32,1.25
000835,000835,19.00%,19.37%,19.80%,1.49,1.20,0.85
000566,000566,22.84%,20.86%,20.60%,2.04,1.47,1.09
000136,000136,23.14%,19.48%,18.58%,2.38,2.11,1.33
000423,000423,12.79%,18.25%,20.17%,1.83,1.19,0.75
000589,000589,19.16%,21.03%,21.79%,2.43,1.90,1.00
000073,000073,25.34%,25.49%,27.07%,2.33,1.56,0.70
001232,001232,0.13%,0.15%,0.17%,4.19,5.70,8.00
001398,001398,26.80%,25.61%,26.13%,2.12,1.75,0.92
001662,001662,21.82%,19.84%,17.90%,2.04,1.31,0.60
000970,000970,19.18%,21.06%,22.30%,1.97,1.43,0.87
000618,000618,0.10%,0.11%,0.14%,7.41,9.22,10.58
000248,000248,23.05%,22.71%,23.83%,1.82,1.62,1.16
001009,001009,22.90%,22.39%,23.15%,2.35,1.93,0.89
000161,000161,--,--,--,--,--,--
000531,000531,19.16%,21.61%,22.03%,1.83,0.96,0.57
001770,001770,7.83%,7.97%,8.27%,2.36,1.28,0.83
000862,000862,0.09%,0.10%,0.15%,5.15,7.19,8.47
001320,001320,18.60%,16.94%,16.09%,2.58,1.99,1.20
001635,001635,10.79%,9.54%,8.91%,0.90,1.06,0.83
000927,000927,21.69%,20.25%,20.68%,0.53,0.30,0.01
001265,001265,6.15%,10.47%,9.96%,1.93,0.95,0.57
000024,000024,1.76%,1.52%,1.42%,2.63,3.03,2.84
002019,002019,5.16%,4.67%,4.33%,1.78,1.71,1.32
001859,001859,0.84%,0.84%,1.08%,2.30,3.92,3.41
001336,001336,5.86%,5.15%,5.27%,2.47,2.27,1.42
000874,000874,0.09%,0.10%,0.15%,10.44,11.45,11.28
001766,001766,20.59%,20.83%,22.25%,2.75,2.23,1.59
000527,000527,20.26%,19.01%,19.47%,2.62,1.85,1.22
000198,000198,0.09%,0.10%,0.14%,5.19,7.39,8.67
000462,000462,25.51%,23.25%,24.50%,2.34,1.81,0.79
000032,000032,1.83%,1.61%,1.55%,0.70,2.06,2.06
001789,001789,8.22%,10.57%,12.87%,1.75,1.08,0.47
001273,001273,17.24%,18.38%,15.69%,1.76,0.38,0.14
000931,000931,1.07%,1.61%,1.74%,3.15,2.68,1.83
001623,001623,21.42%,18.10%,18.14%,2.11,1.70,1.10
000659,000659,0.00%,0.00%,0.14%,-3.88,-6.72,-8.64
000209,000209,26.61%,25.00%,24.51%,2.19,1.47,0.53
001048,001048,21.27%,19.27%,21.23%,1.67,1.24,0.38
001418,001418,6.83%,8.02%,7.33%,1.82,1.77,1.35
000120,000120,19.99%,18.82%,18.47%,2.49,1.63,0.93
000823,000823,23.67%,22.39%,21.93%,2.05,1.38,0.69
001731,001731,19.43%,18.82%,20.39%,1.77,0.71,0.31
000989,000989,23.15%,23.37%,22.85%,2.14,0.99,0.68
001361,001361,26.74%,28.18%,26.97%,1.22,0.90,0.29
000966,000966,24.01%,19.51%,19.26%,1.92,1.49,0.76
001224,001224,21.95%,20.81%,19.06%,2.70,2.38,1.76
000065,000065,4.53%,5.23%,5.63%,2.41,1.81,0.98
000435,000435,5.10%,5.97%,5.93%,0.90,0.63,0.17
001930,001930,0.12%,0.16%,0.19%,6.18,6.90,8.20
000788,000788,23.87%,24.49%,23.17%,2.07,1.47,0.83
000272,000272,1.22%,1.18%,1.09%,1.02,2.40,2.75
001033,001033,12.61%,9.42%,7.92%,0.69,0.61,0.60
001199,001199,1.53%,4.39%,6.56%,1.99,1.07,0.26
001463,001463,21.88%,21.31%,22.39%,2.29,1.40,0.56
001176,001176,0.09%,0.10%,0.13%,11.39,12.05,12.67
001526,001526,0.12%,0.14%,0.17%,4.96,7.64,9.37
000767,000767,18.44%,19.99%,21.21%,1.81,1.26,0.46
001875,001875,24.04%,25.13%,21.32%,2.44,1.89,1.61
002023,002023,10.41%,11.84%,12.64%,0.59,1.17,0.52
000858,000858,--,--,--,--,--,--
001064,001064,23.02%,23.27%,22.35%,1.53,0.82,-0.03
000225,000225,3.47%,2.71%,2.78%,-0.24,0.48,-0.06
001967,001967,13.60%,16.71%,17.78%,1.91,0.81,0.11
001988,001988,2.03%,1.62%,1.51%,0.23,1.16,1.72
000360,000360,1.94%,5.42%,4.86%,1.74,0.89,0.26
000730,000730,0.09%,0.11%,0.15%,7.88,9.27,10.48
001822,001822,26.39%,22.95%,23.27%,2.23,1.55,0.96
001571,001571,3.28%,2.44%,2.27%,0.14,0.90,1.87
001121,001121,23.65%,20.58%,20.99%,1.62,0.97,0.28
000419,000419,1.92%,1.47%,1.36%,0.41,1.64,2.33
000049,000049,32.17%,24.10%,21.03%,-0.56,-0.42,-0.18
001208,001208,18.84%,17.58%,19.22%,1.82,1.31,0.95
000663,000663,23.39%,22.13%,21.03%,2.46,1.99,1.22
001588,001588,20.26%,20.44%,19.91%,1.54,1.11,0.55
001072,001072,24.79%,24.12%,24.03%,2.08,1.64,0.90
001422,001422,3.35%,2.88%,2.53%,3.70,3.27,2.85
001567,001567,4.57%,4.15%,4.17%,2.77,2.63,1.78
001834,001834,14.10%,21.17%,17.33%,2.43,0.84,0.66
000726,000726,0.10%,0.11%,0.15%,5.95,8.26,9.42
000376,000376,21.35%,23.05%,22.88%,1.97,0.96,0.68
001475,001475,34.75%,29.76%,28.18%,1.74,1.12,0.56
000264,000264,21.16%,18.93%,18.99%,1.66,1.34,0.74
001926,001926,0.09%,0.10%,0.13%,9.28,9.88,10.55
000634,000634,21.16%,19.19%,19.23%,2.27,2.16,1.43
001863,001863,5.45%,6.42%,7.19%,1.32,1.19,0.48
000771,000771,0.09%,0.09%,0.14%,4.77,6.70,7.94
001530,001530,3.55%,3.84%,4.31%,3.08,2.14,1.05
000458,000458,27.16%,23.99%,21.63%,1.32,0.76,0.52
000008,000008,21.06%,23.19%,22.36%,1.24,0.69,0.05
002035,002035,4.73%,4.94%,4.31%,1.14,1.19,1.00
001249,001249,3.40%,5.01%,5.29%,3.41,2.13,1.49
001619,001619,1.77%,--,--,1.00,--,--
000090,000090,25.38%,18.13%,14.81%,-0.95,-0.62,-0.43
000839,000839,2.11%,1.80%,1.74%,0.35,1.12,0.82
001681,001681,20.91%,20.62%,21.56%,1.89,1.44,0.95
000993,000993,23.44%,22.37%,22.09%,2.51,1.35,0.56
000585,000585,3.08%,4.36%,3.80%,2.85,1.38,0.83
001117,001117,21.04%,20.71%,20.93%,1.91,1.74,1.03
001547,001547,4.68%,4.49%,4.41%,3.65,2.77,1.81
000706,000706,15.92%,16.79%,16.65%,1.94,1.31,0.64
000356,000356,2.28%,2.06%,2.02%,1.73,2.09,1.88
001951,001951,33.00%,27.65%,26.89%,1.51,1.12,0.60
000213,000213,2.05%,1.73%,1.55%,1.14,1.47,1.54
001052,001052,21.21%,23.09%,22.20%,1.23,0.69,0.06
001402,001402,4.97%,10.88%,13.23%,3.28,0.69,0.25
001286,001286,3.46%,4.24%,4.56%,3.36,2.85,1.40
000497,000497,3.00%,2.28%,1.93%,-0.03,0.83,1.31
000182,000182,4.83%,4.44%,3.95%,0.37,0.68,0.47
000478,000478,22.90%,23.57%,22.99%,1.41,0.84,0.14
002015,002015,6.53%,5.00%,4.25%,2.32,1.86,1.63
000028,000028,9.88%,7.09%,5.91%,0.69,0.71,0.47
000301,000301,0.09%,0.11%,0.15%,7.58,8.45,9.36
001843,001843,0.11%,0.11%,0.16%,5.48,7.43,8.38
000751,000751,22.66%,22.29%,23.26%,2.59,2.05,1.36
001510,001510,19.61%,19.23%,19.01%,3.12,2.52,2.03
001140,001140,19.98%,17.02%,17.42%,2.16,1.75,0.90
001455,001455,20.49%,22.49%,21.65%,1.39,0.77,0.13
000244,000244,2.31%,2.30%,2.14%,1.31,2.32,2.18
001906,001906,1.90%,1.58%,1.47%,1.29,2.19,2.43
000614,000614,30.45%,23.73%,21.26%,0.48,0.21,0.07
000481,000481,12.71%,9.32%,13.02%,-1.57,-1.26,-1.60
000878,000878,22.29%,22.80%,25.41%,1.99,1.60,1.23
000897,000897,3.90%,3.42%,2.94%,-0.40,0.59,0.66
001785,001785,1.54%,4.79%,--,-1.03,-0.32,--
002003,002003,12.28%,13.75%,15.59%,3.02,1.46,0.55
000194,000194,1.84%,1.51%,1.55%,0.75,1.72,1.87
001156,001156,31.04%,28.52%,26.91%,2.41,1.53,0.77
001506,001506,3.57%,5.08%,4.59%,1.50,1.22,1.00
000747,000747,19.89%,19.47%,19.78%,2.24,1.64,1.05
000602,000602,0.10%,0.11%,0.14%,9.54,10.77,11.40
001910,001910,18.34%,17.80%,18.06%,2.14,1.52,0.87
000252,000252,1.22%,1.08%,1.25%,0.26,1.56,0.90
001013,001013,2.82%,2.61%,3.58%,1.35,1.83,0.44
001443,001443,7.43%,7.04%,6.83%,2.96,2.61,1.93
000985,000985,31.15%,29.73%,27.87%,1.58,1.42,0.65
001697,001697,0.11%,0.10%,0.16%,2.96,5.08,6.92
000086,000086,1.75%,1.61%,1.46%,1.52,1.83,1.79
000439,000439,0.09%,0.14%,0.16%,4.78,4.11,4.28
000593,000593,32.05%,26.59%,22.99%,0.76,0.37,0.40
000069,000069,2.48%,1.96%,1.79%,1.52,2.07,2.12
002054,002054,4.24%,6.56%,7.63%,2.37,1.38,1.03
001228,001228,5.03%,10.95%,11.88%,3.55,1.35,0.20
001382,001382,23.29%,23.46%,23.99%,1.82,1.58,1.05
001678,001678,19.68%,--,--,1.71,--,--
000710,000710,0.09%,0.10%,0.13%,7.04,8.36,9.89
001802,001802,2.80%,2.44%,2.23%,1.77,2.45,2.41
001551,001551,21.83%,22.90%,23.04%,2.09,1.22,0.70
001101,001101,0.09%,0.08%,0.16%,6.08,8.00,7.48
001414,001414,17.96%,13.76%,12.45%,0.93,0.93,0.17
001044,001044,20.79%,19.98%,20.66%,2.34,1.56,1.07
000205,000205,2.24%,1.81%,1.62%,0.67,1.61,1.89
000655,000655,1.30%,1.30%,1.31%,1.53,1.24,0.85
001947,001947,3.74%,3.40%,3.19%,0.60,1.01,0.65
000012,000012,--,--,--,--,--,--
000911,000911,2.50%,1.98%,1.76%,0.09,0.79,1.00
001603,001603,16.53%,15.90%,17.27%,2.71,2.04,1.12
001316,001316,2.57%,2.48%,2.51%,1.79,2.44,2.32
000854,000854,24.33%,24.72%,25.88%,2.07,1.70,1.12
001746,001746,6.28%,6.94%,6.89%,1.48,1.49,0.94
000507,000507,6.24%,4.95%,5.56%,1.27,1.10,0.84
000157,000157,--,--,--,--,--,--
001195,001195,23.17%,23.34%,23.46%,2.38,1.66,1.05
000784,000784,0.93%,0.11%,--,2.96,21.97,--
001879,001879,26.28%,23.45%,23.02%,2.28,1.81,1.02
001480,001480,32.48%,31.74%,29.28%,1.41,1.55,0.84
000946,000946,22.83%,23.49%,22.75%,2.17,1.21,0.85
001654,001654,17.41%,17.74%,17.55%,2.49,1.72,0.87
001204,001204,4.63%,5.39%,5.78%,2.24,1.92,1.30
000045,000045,3.39%,3.16%,3.22%,1.80,2.03,1.54
000415,000415,2.04%,1.67%,1.57%,1.09,2.70,2.86
000550,000550,18.43%,18.05%,19.80%,2.45,1.37,0.32
000803,000803,23.40%,24.09%,23.08%,2.62,1.64,0.91
001711,001711,2.49%,2.31%,2.29%,2.05,2.38,2.09
000679,000679,26.38%,22.15%,19.19%,1.89,1.28,0.82
001592,001592,25.65%,25.54%,25.46%,1.93,1.30,0.53
001068,001068,14.12%,12.62%,12.03%,0.93,0.99,0.42
001438,001438,25.31%,24.64%,23.49%,2.00,1.30,0.73
001087,001087,7.70%,7.45%,6.55%,0.56,0.34,0.08
000696,000696,21.81%,20.85%,21.98%,2.46,1.33,0.30
001984,001984,19.50%,16.28%,18.44%,2.67,2.08,0.84
000403,000403,2.32%,1.86%,1.88%,0.13,1.18,0.93
000053,000053,1.30%,1.41%,1.56%,1.54,3.53,2.79
001212,001212,3.68%,3.20%,3.16%,0.22,0.06,-0.06
000950,000950,26.49%,27.27%,26.08%,0.55,0.72,0.37
001357,001357,16.79%,16.93%,17.68%,2.90,1.86,1.14
001707,001707,24.39%,27.89%,27.42%,0.63,0.83,0.38
000815,000815,2.70%,2.28%,2.38%,0.14,-0.07,0.20
000546,000546,1.41%,1.26%,1.27%,2.14,3.39,2.81
000116,000116,1.37%,1.17%,1.13%,2.38,3.09,3.15
001584,001584,2.33%,1.73%,1.75%,0.28,1.13,1.38
000395,000395,1.38%,1.26%,1.18%,0.58,1.57,1.74
001992,001992,0.10%,0.12%,0.16%,6.68,7.78,9.43
001838,001838,37.90%,33.36%,32.29%,1.38,0.78,0.37
001615,001615,5.61%,5.52%,4.88%,0.93,1.16,0.69
000907,000907,0.09%,0.11%,0.14%,5.91,7.93,9.43
001245,001245,23.63%,21.72%,22.18%,2.74,1.92,0.77
000004,000004,23.01%,20.77%,19.24%,0.95,0.82,0.22
000141,000141,0.66%,0.55%,0.63%,1.20,2.74,3.14
000511,000511,6.73%,10.76%,11.17%,2.99,1.13,0.16
001750,001750,0.93%,1.19%,2.76%,1.22,2.70,-0.04
000842,000842,--,--,--,--,--,--
001300,001300,25.57%,23.60%,23.36%,2.49,1.81,0.87
000638,000638,0.09%,0.11%,0.16%,7.78,9.05,10.00
001880,001880,26.67%,21.01%,19.11%,2.37,1.88,1.25
000792,000792,25.58%,--,--,1.11,--,--
000268,000268,3.36%,2.62%,2.21%,0.37,1.08,1.32
001183,001183,5.07%,4.31%,3.73%,2.74,2.38,1.99
001479,001479,18.22%,17.37%,16.84%,1.92,1.35,0.86
001496,001496,21.98%,19.64%,20.20%,2.75,1.79,0.81
000639,000639,6.10%,5.28%,5.06%,-0.58,-0.87,-0.66
001881,001881,20.28%,20.40%,20.69%,2.04,1.68,0.98
000793,000793,26.52%,27.43%,26.82%,2.78,1.58,0.62
001028,001028,25.62%,26.36%,25.27%,1.68,1.35,0.60
001182,001182,9.66%,11.01%,11.28%,3.15,2.44,1.61
001478,001478,0.11%,0.12%,0.17%,7.00,8.52,9.74
001497,001497,0.09%,0.12%,0.15%,9.21,10.76,11.95
000286,000286,1.61%,1.32%,1.31%,0.66,1.76,2.22
001614,001614,14.21%,16.66%,18.93%,0.93,0.69,0.06
000906,000906,31.62%,26.05%,24.94%,2.34,1.21,0.84
001244,001244,20.89%,21.81%,21.36%,1.62,0.99,0.33
000005,000005,2.60%,2.12%,1.91%,0.90,1.80,2.07
000140,000140,--,--,--,--,--,--
001751,001751,5.08%,4.36%,6.70%,0.97,0.71,-0.79
000843,000843,21.50%,16.77%,14.00%,1.84,1.22,1.01
001301,001301,25.58%,23.67%,23.38%,2.46,1.76,0.83
001585,001585,2.33%,1.73%,1.94%,0.23,1.06,1.22
000394,000394,0.66%,0.53%,0.58%,1.83,3.00,3.28
001993,001993,1.41%,1.33%,1.21%,2.60,3.12,3.20
000681,000681,0.07%,0.09%,0.13%,6.47,7.32,8.02
001839,001839,24.57%,24.89%,23.37%,1.87,1.32,0.70
000402,000402,2.33%,1.86%,1.89%,0.31,1.39,1.13
001213,001213,3.72%,3.19%,3.21%,0.27,0.05,-0.08
001643,001643,36.68%,31.07%,28.47%,2.05,1.61,1.04
000951,000951,0.11%,0.13%,0.17%,6.59,9.11,10.45
001356,001356,8.65%,7.49%,6.14%,0.75,0.61,0.68
001706,001706,18.76%,15.09%,12.46%,1.56,1.66,1.41
000814,000814,2.70%,2.15%,1.77%,0.10,0.15,0.74
000547,000547,22.69%,20.81%,20.30%,2.17,1.92,1.01
000117,000117,21.40%,21.40%,23.09%,2.28,1.91,0.85
000678,000678,0.10%,0.11%,0.15%,8.42,9.86,10.71
001593,001593,25.65%,25.53%,25.46%,1.92,1.29,0.52
001069,001069,22.44%,22.80%,23.92%,2.91,2.17,1.17
001086,001086,7.35%,7.26%,6.40%,0.93,0.56,0.26
000697,000697,26.11%,26.88%,28.25%,1.84,1.19,0.40
001985,001985,26.59%,26.03%,25.27%,2.36,1.79,1.09
000044,000044,26.74%,23.07%,20.36%,1.16,0.59,0.81
000414,000414,3.46%,3.09%,2.85%,2.68,1.68,0.85
000551,000551,21.25%,20.27%,21.47%,2.19,1.75,0.70
000802,000802,1.42%,1.32%,1.18%,0.73,1.41,1.57
001710,001710,2.54%,2.34%,2.30%,2.09,2.42,2.17
001194,001194,3.41%,2.84%,2.40%,2.76,2.47,2.21
000785,000785,0.10%,0.10%,0.16%,3.99,6.51,7.62
001897,001897,25.42%,26.00%,24.51%,1.49,1.08,0.45
000290,000290,8.21%,6.70%,6.22%,-0.59,0.31,0.04
001878,001878,24.93%,24.28%,24.83%,1.30,0.82,0.41
001481,001481,56.17%,45.47%,40.20%,-0.75,-1.14,-0.65
000013,000013,0.10%,0.11%,0.15%,9.24,10.59,11.49
001252,001252,18.46%,20.62%,21.53%,2.36,1.47,0.75
000910,000910,2.50%,1.98%,1.76%,0.04,0.73,0.94
001602,001602,20.28%,15.38%,13.29%,1.38,1.07,0.64
000855,000855,0.08%,0.09%,0.13%,6.15,8.16,8.66
001747,001747,7.93%,6.94%,--,2.95,2.34,--
000506,000506,0.10%,0.11%,0.13%,8.62,9.81,10.79
000341,000341,15.69%,11.34%,9.37%,-0.27,0.16,0.01
000711,000711,22.65%,23.94%,24.75%,2.30,1.58,1.09
001803,001803,2.82%,2.47%,2.27%,1.65,2.33,2.27
001550,001550,21.85%,22.90%,23.04%,2.10,1.23,0.71
001415,001415,4.55%,3.56%,2.97%,2.48,1.90,1.55
001045,001045,20.69%,18.49%,17.45%,1.47,1.08,0.51
000204,000204,0.09%,0.11%,0.14%,7.92,8.33,9.46
000654,000654,23.67%,20.00%,20.72%,1.35,1.29,0.50
001946,001946,2.51%,2.78%,2.62%,1.56,1.92,1.70
001696,001696,22.70%,20.97%,21.08%,2.52,1.84,1.08
000087,000087,3.32%,2.59%,2.38%,-1.18,-1.16,-1.00
000438,000438,1.90%,1.61%,1.54%,1.02,2.07,2.12
000592,000592,22.25%,22.27%,22.83%,2.74,1.77,0.86
002055,002055,6.11%,10.43%,9.98%,1.94,0.94,0.55
000068,000068,14.82%,12.80%,12.58%,1.09,1.11,0.49
001229,001229,23.45%,18.17%,16.24%,1.58,0.76,0.38
001679,001679,24.35%,25.12%,23.81%,2.65,2.30,1.50
001157,001157,4.96%,7.18%,8.96%,3.89,1.90,1.44
001507,001507,3.58%,5.09%,4.59%,1.45,1.17,0.93
000746,000746,25.29%,24.40%,24.52%,2.87,2.14,1.32
000316,000316,1.66%,1.23%,2.30%,-0.05,-0.23,0.63
000603,000603,22.79%,22.31%,23.24%,2.12,1.37,0.60
001911,001911,1.76%,1.41%,1.25%,0.85,1.92,2.60
000253,000253,1.23%,1.10%,1.24%,-0.03,1.12,0.59
001442,001442,13.23%,14.90%,--,1.67,1.59,--
000480,000480,19.48%,20.50%,19.42%,1.51,0.82,0.42
001291,001291,21.17%,19.99%,19.31%,1.77,1.15,0.38
000879,000879,22.24%,22.79%,25.41%,1.95,1.57,1.21
000896,000896,3.89%,3.42%,2.94%,-0.29,0.72,0.80
001784,001784,2.53%,--,--,0.41,--,--
002002,002002,--,--,--,--,--,--
000195,000195,6.95%,5.90%,4.97%,2.78,2.16,1.91
000300,000300,0.09%,0.10%,0.14%,5.17,6.47,7.87
001842,001842,0.10%,0.10%,0.16%,3.30,5.42,7.02
000750,000750,0.09%,0.09%,0.14%,2.18,4.37,6.35
001511,001511,18.89%,18.82%,18.55%,1.56,1.33,0.84
001141,001141,6.85%,10.75%,11.11%,1.71,1.60,1.05
001454,001454,4.73%,7.96%,10.80%,2.60,1.60,0.27
001004,001004,20.82%,18.42%,17.98%,2.24,1.70,1.16
000245,000245,2.31%,2.30%,2.15%,1.14,2.14,1.98
001907,001907,23.36%,20.86%,17.35%,2.57,1.97,1.60
000615,000615,0.09%,0.09%,0.15%,7.37,9.09,9.21
001287,001287,22.09%,21.44%,21.96%,2.17,1.51,1.09
000496,000496,24.03%,19.06%,20.15%,0.13,0.41,0.23
000183,000183,2.16%,1.89%,2.12%,2.11,1.89,0.94
000029,000029,20.67%,17.99%,18.33%,1.99,1.79,1.15
001792,001792,3.28%,3.39%,3.37%,0.67,0.05,-0.24
000880,000880,23.35%,21.83%,21.70%,2.10,1.38,0.68
001268,001268,26.45%,28.15%,28.71%,1.87,1.36,0.77
001638,001638,24.62%,24.21%,24.47%,1.27,1.06,0.59
001116,001116,5.39%,4.23%,4.47%,2.64,2.00,1.61
001546,001546,1.32%,1.11%,1.12%,3.31,4.27,3.99
001815,001815,23.77%,22.97%,24.51%,2.57,1.90,1.32
000707,000707,0.09%,0.10%,0.14%,8.82,10.48,10.56
001950,001950,1.35%,1.29%,1.81%,0.82,1.88,1.06
000642,000642,0.10%,0.11%,0.14%,7.39,9.25,10.58
000212,000212,2.02%,1.70%,1.53%,1.38,1.75,1.82
001053,001053,19.51%,18.94%,19.75%,2.95,2.06,1.34
001403,001403,27.68%,26.84%,26.13%,1.74,1.24,0.57
000992,000992,3.30%,5.75%,4.94%,1.41,1.41,1.05
002043,002043,20.41%,19.63%,18.50%,2.19,1.65,1.06
000584,000584,19.66%,19.21%,17.85%,2.76,1.96,1.42
000459,000459,--,--,--,--,--,--
000009,000009,0.10%,0.11%,0.14%,7.12,8.83,10.06
001618,001618,31.47%,31.88%,30.05%,1.43,1.14,0.52
001474,001474,20.10%,16.78%,14.16%,1.80,1.33,1.05
000265,000265,1.41%,1.28%,1.14%,1.69,3.32,3.70
001927,001927,22.38%,21.05%,21.02%,2.06,1.53,1.06
000635,000635,--,--,--,--,--,--
000320,000320,2.06%,1.62%,1.48%,1.16,1.81,1.87
001862,001862,5.44%,6.40%,7.17%,1.39,1.26,0.53
001531,001531,25.02%,19.58%,16.34%,1.23,1.04,0.75
000818,000818,0.09%,0.10%,0.14%,7.11,8.97,9.65
000398,000398,15.55%,12.55%,11.63%,1.29,1.03,0.33
001970,001970,29.06%,29.42%,28.14%,1.07,0.97,0.38
000662,000662,0.10%,0.11%,0.16%,9.68,10.94,11.56
001589,001589,20.26%,20.44%,19.91%,1.53,1.10,0.54
001073,001073,4.16%,4.18%,3.96%,1.76,1.30,0.95
001423,001423,3.34%,2.88%,2.54%,3.64,3.26,2.80
001136,001136,2.97%,3.08%,2.88%,1.95,2.06,1.72
001566,001566,4.63%,4.17%,4.19%,2.75,2.64,1.78
001835,001835,3.35%,5.59%,--,3.35,2.01,--
000727,000727,23.64%,25.89%,26.09%,3.17,2.19,1.39
000377,000377,4.14%,3.42%,4.14%,1.41,1.56,0.43
000418,000418,23.88%,24.49%,25.23%,2.47,1.82,1.06
000048,000048,9.05%,7.97%,6.88%,2.01,1.54,1.21
001209,001209,22.54%,21.75%,21.11%,1.86,1.38,0.66
001659,001659,23.19%,20.81%,21.10%,1.29,1.16,0.62
001065,001065,15.56%,11.10%,9.28%,-0.56,-0.15,-0.24
000674,000674,0.54%,1.75%,2.30%,-1.49,-1.09,0.94
001966,001966,20.57%,18.69%,19.28%,2.18,1.77,0.99
001989,001989,2.01%,1.62%,1.51%,0.08,0.95,1.34
000361,000361,1.90%,5.51%,4.93%,1.53,0.82,0.18
000731,000731,--,--,--,--,--,--
001823,001823,5.77%,7.72%,7.60%,3.34,1.44,0.76
001570,001570,4.05%,3.78%,3.65%,2.81,2.18,1.39
001120,001120,23.66%,20.61%,21.02%,1.66,1.04,0.34
000859,000859,5.05%,4.73%,4.25%,1.59,0.28,0.14
001931,001931,0.09%,0.10%,0.15%,9.70,10.60,10.88
000789,000789,0.09%,0.11%,0.14%,7.19,8.85,10.07
000273,000273,15.27%,15.56%,17.19%,1.65,1.36,0.24
001198,001198,9.56%,7.14%,7.46%,2.01,1.27,0.48
001177,001177,0.05%,0.05%,0.09%,-13.37,-8.66,-1.72
001527,001527,0.12%,0.14%,0.16%,3.09,6.09,8.08
001874,001874,18.89%,24.87%,22.45%,1.90,1.27,1.00
000336,000336,29.89%,26.85%,25.43%,2.92,1.91,1.00
000121,000121,11.25%,10.46%,9.64%,2.12,1.51,1.00
000822,000822,23.63%,23.22%,23.07%,1.49,1.07,0.40
001730,001730,23.82%,19.58%,19.14%,1.64,0.86,0.31
000988,000988,21.87%,22.16%,21.79%,2.08,1.01,0.75
000967,000967,23.05%,21.03%,20.79%,2.26,1.63,1.19
001675,001675,17.51%,18.49%,17.97%,0.66,0.74,0.17
001225,001225,34.13%,26.01%,24.31%,0.91,0.74,0.05
000064,000064,2.49%,2.04%,1.96%,0.46,1.94,2.16
000434,000434,0.09%,0.10%,0.15%,5.13,6.85,8.21
000658,000658,0.00%,0.00%,0.12%,--,-2.32,-10.59
000208,000208,7.88%,7.25%,7.65%,0.52,0.40,-0.10
001419,001419,11.92%,15.38%,16.19%,2.41,1.54,0.78
001337,001337,5.86%,5.15%,5.27%,2.46,2.25,1.41
000875,000875,3.34%,2.70%,2.50%,1.50,1.74,1.72
000526,000526,6.07%,9.49%,11.83%,2.47,0.84,0.19
000176,000176,19.81%,19.75%,19.93%,1.38,1.06,0.61
000199,000199,20.83%,19.43%,19.25%,1.26,0.98,0.30
000463,000463,12.76%,9.35%,13.04%,-1.53,-1.21,-1.56
000033,000033,1.91%,1.63%,1.56%,0.45,1.81,1.85
001272,001272,16.03%,17.31%,17.82%,2.25,1.64,0.48
000930,000930,16.85%,13.97%,12.12%,0.91,1.46,0.94
001858,001858,21.39%,18.73%,16.82%,2.79,1.80,1.04
000160,000160,--,--,--,--,--,--
000530,000530,25.67%,21.26%,18.08%,1.64,1.28,0.88
000863,000863,0.11%,0.10%,0.11%,6.69,8.81,10.02
001634,001634,3.33%,3.88%,5.07%,3.06,2.17,0.91
000926,000926,18.84%,17.56%,18.38%,1.88,1.11,0.00
001264,001264,19.05%,16.29%,13.73%,1.28,1.40,1.22
002018,002018,5.15%,4.66%,4.32%,1.84,1.78,1.40
000025,000025,1.78%,1.53%,1.40%,2.38,2.78,2.60
000475,000475,0.08%,0.10%,0.16%,5.92,7.86,8.69
000619,000619,22.25%,22.48%,22.00%,1.61,1.08,0.73
001008,001008,20.69%,19.54%,20.78%,2.10,1.46,0.89
001376,001376,16.79%,16.94%,17.68%,2.87,1.82,1.11
001726,001726,22.43%,24.10%,26.26%,1.98,1.32,0.62
000834,000834,22.68%,20.69%,18.91%,0.59,0.42,0.78
000567,000567,16.69%,15.20%,16.97%,2.15,1.36,0.65
000137,000137,3.31%,2.85%,2.40%,0.39,1.38,1.60
000422,000422,2.13%,1.73%,1.60%,0.49,1.31,1.41
000588,000588,0.09%,0.11%,0.16%,5.89,7.52,8.97
000072,000072,4.34%,3.24%,2.91%,2.05,1.32,1.17
001233,001233,0.13%,0.15%,0.17%,5.97,7.19,9.29
001399,001399,6.42%,6.09%,5.56%,2.03,1.55,1.23
001663,001663,25.89%,22.13%,22.66%,1.32,1.06,0.46
000971,000971,26.80%,26.51%,26.02%,1.83,1.67,0.65
001819,001819,1.69%,1.41%,1.45%,1.63,2.69,2.89
001687,001687,8.21%,7.90%,7.06%,1.77,1.49,1.11
000995,000995,22.70%,21.07%,20.35%,1.59,1.10,0.53
000583,000583,1.69%,1.62%,1.67%,1.95,2.27,1.49
000079,000079,1.87%,1.56%,1.61%,0.62,1.82,1.69
001392,001392,20.98%,19.37%,18.29%,0.74,0.69,0.33
001668,001668,20.11%,18.70%,18.51%,2.32,1.49,1.23
001812,001812,0.09%,0.11%,0.14%,6.14,8.22,9.61
000700,000700,0.11%,0.22%,0.22%,8.22,6.24,8.07
001111,001111,3.08%,2.64%,2.61%,3.28,3.20,2.47
001541,001541,22.84%,22.23%,23.10%,2.47,1.68,0.72
001054,001054,21.21%,20.55%,21.09%,2.58,1.95,1.10
001404,001404,30.69%,26.24%,25.40%,1.54,1.24,0.71
001957,001957,4.42%,3.82%,--,0.91,1.19,--
000645,000645,0.12%,0.13%,0.16%,5.08,7.58,9.31
000215,000215,3.06%,3.09%,5.22%,2.56,2.16,1.22
001280,001280,20.05%,20.34%,20.73%,2.69,1.84,1.17
000868,000868,0.09%,0.09%,0.14%,7.32,8.95,9.45
001795,001795,29.61%,29.42%,29.22%,1.19,0.90,0.30
000887,000887,6.98%,6.38%,5.70%,0.98,0.75,0.38
000184,000184,6.59%,6.10%,5.78%,0.97,0.22,-0.01
001516,001516,0.09%,0.11%,0.16%,8.54,10.36,10.92
001146,001146,3.72%,3.05%,3.16%,3.18,2.87,2.06
000307,000307,16.51%,13.53%,11.70%,0.97,1.47,0.94
000757,000757,26.04%,25.86%,25.90%,1.89,1.27,0.50
000242,000242,25.55%,23.06%,23.05%,2.01,1.54,0.85
001900,001900,23.61%,--,--,1.45,--,--
000612,000612,24.09%,25.36%,24.60%,2.05,1.46,0.65
001453,001453,4.73%,7.96%,10.81%,2.61,1.62,0.27
001003,001003,7.19%,5.87%,4.98%,1.53,1.41,1.09
001296,001296,15.98%,14.29%,13.87%,2.35,1.45,0.82
000487,000487,0.18%,0.18%,0.23%,-0.72,-0.72,8.65
002005,002005,4.16%,3.10%,3.86%,1.77,1.51,0.81
000192,000192,1.61%,1.37%,1.34%,1.02,2.35,2.45
001629,001629,27.61%,31.20%,30.43%,1.03,0.87,0.44
000891,000891,0.09%,0.11%,0.15%,10.11,10.73,11.76
001783,001783,2.59%,--,--,0.45,--,--
001279,001279,26.00%,26.32%,26.17%,2.01,1.62,0.74
000741,000741,0.09%,0.10%,0.13%,5.17,6.92,8.31
001853,001853,--,--,--,--,--,--
000311,000311,20.36%,20.22%,20.12%,1.13,0.88,0.49
001150,001150,19.87%,20.33%,21.37%,2.28,1.18,0.62
001500,001500,20.60%,21.46%,21.06%,2.63,1.84,1.32
001015,001015,20.46%,20.18%,19.66%,1.31,0.99,0.54
001445,001445,22.75%,22.66%,21.84%,2.54,2.08,1.27
000604,000604,0.09%,0.10%,0.15%,6.45,8.61,9.52
001916,001916,0.11%,0.14%,0.16%,3.48,6.35,8.52
000254,000254,5.07%,3.70%,3.13%,0.78,0.61,0.75
000080,000080,13.55%,13.10%,12.23%,0.91,1.02,0.67
001691,001691,20.70%,20.59%,22.34%,3.02,1.85,0.99
000829,000829,0.10%,0.11%,0.16%,6.32,7.97,9.10
001384,001384,21.93%,20.06%,20.09%,2.59,1.48,0.81
002052,002052,7.57%,5.98%,5.41%,1.07,0.89,0.74
000595,000595,22.57%,21.83%,22.44%,2.38,2.00,1.21
001557,001557,22.50%,23.40%,22.73%,1.85,1.11,0.62
000346,000346,1.28%,2.61%,2.23%,2.07,1.49,1.83
000716,000716,0.11%,0.13%,0.16%,9.12,10.45,11.89
000203,000203,0.09%,0.10%,0.14%,5.54,6.37,7.96
001941,001941,0.67%,0.53%,0.56%,2.30,3.49,3.93
001412,001412,7.93%,6.43%,5.94%,1.91,1.58,1.23
001042,001042,22.75%,21.92%,22.39%,1.47,0.99,0.01
001255,001255,21.91%,20.29%,21.04%,1.47,1.34,0.36
000917,000917,0.10%,0.10%,0.14%,10.30,11.89,11.80
001605,001605,22.50%,21.37%,21.83%,2.28,1.81,1.24
002029,002029,7.23%,7.35%,7.39%,1.86,1.14,0.70
000014,000014,13.04%,11.50%,9.81%,1.65,1.24,0.81
000501,000501,6.24%,4.75%,3.99%,1.10,1.39,1.41
001740,001740,30.34%,28.11%,29.77%,2.06,1.20,0.51
001890,001890,21.02%,20.72%,20.97%,1.91,1.74,1.02
000628,000628,19.05%,18.37%,18.67%,2.27,1.71,1.15
001193,001193,20.41%,20.20%,20.78%,2.44,1.75,0.72
001469,001469,21.93%,21.73%,21.08%,0.34,0.52,0.20
001039,001039,24.93%,23.82%,23.62%,2.54,1.81,0.92
000297,000297,18.43%,16.66%,15.32%,1.84,1.37,0.92
000043,000043,25.18%,22.01%,19.54%,1.07,0.59,0.89
000940,000940,27.55%,26.61%,25.27%,2.35,1.78,1.02
001202,001202,5.59%,6.89%,7.06%,2.58,1.69,1.20
000805,000805,18.43%,17.54%,19.33%,2.38,1.73,0.44
001717,001717,24.10%,23.67%,23.69%,2.85,2.11,1.45
001347,001347,14.47%,11.86%,10.08%,2.33,1.55,1.25
000106,000106,1.13%,1.47%,1.35%,1.64,2.05,2.21
000556,000556,22.29%,20.89%,18.05%,2.80,1.93,1.45
001594,001594,17.16%,17.72%,17.81%,-0.11,0.17,0.12
000385,000385,4.17%,3.45%,3.52%,1.10,1.26,0.95
000690,000690,31.58%,29.59%,27.30%,1.64,1.27,0.72
001982,001982,0.10%,0.11%,0.16%,7.93,9.62,10.26
001214,001214,20.89%,23.02%,22.15%,1.51,0.85,0.18
001644,001644,36.68%,31.07%,28.47%,2.04,1.60,1.02
000055,000055,27.16%,24.32%,21.97%,1.45,0.84,1.00
000540,000540,0.10%,0.12%,0.14%,9.71,10.64,11.88
000110,000110,7.40%,8.68%,7.55%,2.05,1.29,1.14
001351,001351,23.65%,24.23%,22.69%,1.55,0.81,0.16
001701,001701,27.44%,26.65%,26.26%,2.69,1.74,1.01
000239,000239,3.34%,2.76%,2.52%,2.23,2.71,2.30
000669,000669,2.06%,2.19%,1.96%,0.00,1.30,1.33
001428,001428,2.49%,--,--,0.82,--,--
001078,001078,0.09%,0.11%,0.14%,11.30,11.47,11.74
001097,001097,21.26%,20.99%,21.15%,1.55,0.98,0.40
001994,001994,2.96%,2.68%,2.40%,2.23,2.09,2.05
000686,000686,0.10%,0.14%,0.17%,7.26,8.41,10.20
000002,000002,--,--,--,--,--,--
000452,000452,26.77%,22.52%,20.21%,2.28,1.91,1.44
001613,001613,21.23%,16.92%,13.88%,1.47,1.13,0.95
000901,000901,0.11%,0.11%,0.17%,3.81,6.01,7.31
001243,001243,23.87%,23.92%,23.25%,1.21,0.80,0.30
001756,001756,5.68%,4.82%,4.25%,2.65,2.02,1.77
000844,000844,3.09%,3.93%,4.28%,2.86,1.93,1.38
001306,001306,23.37%,22.67%,22.13%,2.51,1.65,0.98
000147,000147,2.14%,1.80%,1.69%,0.69,2.02,2.18
000517,000517,1.77%,1.63%,1.58%,1.20,2.89,2.72
001185,001185,7.23%,7.35%,7.39%,1.89,1.17,0.72
001886,001886,21.09%,20.32%,20.86%,2.71,1.96,1.18
000794,000794,24.78%,25.77%,26.44%,2.05,1.63,0.79
001869,001869,18.83%,20.09%,20.93%,3.16,2.02,1.06
001490,001490,21.20%,20.86%,21.73%,2.86,1.90,0.83
000219,000219,25.16%,26.05%,25.12%,1.84,1.36,0.78
000649,000649,23.18%,18.96%,15.66%,2.41,1.63,1.30
001408,001408,14.67%,11.00%,9.72%,0.96,0.60,0.32
001058,001058,0.10%,0.12%,0.17%,10.69,11.23,11.44
000560,000560,0.09%,0.10%,0.15%,8.18,9.84,10.12
000130,000130,2.29%,2.03%,1.99%,1.11,1.30,1.97
001371,001371,20.13%,17.97%,18.63%,2.24,1.47,0.99
001721,001721,4.86%,3.57%,3.91%,1.98,1.66,0.72
000833,000833,0.32%,0.24%,0.23%,4.17,5.70,8.18
001234,001234,0.10%,0.12%,0.14%,10.38,11.44,12.63
001664,001664,8.77%,7.08%,8.60%,0.92,0.51,0.17
000976,000976,26.68%,22.66%,22.19%,2.67,1.82,1.10
000425,000425,0.09%,0.09%,0.14%,7.65,9.49,9.76
002048,002048,2.01%,1.56%,1.78%,0.84,1.78,1.27
000075,000075,19.37%,18.81%,18.53%,-0.57,-0.41,-0.21
001849,001849,18.41%,19.39%,20.40%,2.21,1.51,0.80
001776,001776,1.41%,1.18%,1.16%,1.98,3.47,3.62
001326,001326,4.80%,4.18%,4.64%,2.17,1.79,1.21
000167,000167,21.99%,22.32%,23.45%,2.23,1.84,1.13
000188,000188,2.56%,2.11%,2.07%,0.78,1.23,1.79
000472,000472,--,--,--,--,--,--
001633,001633,3.34%,3.88%,5.08%,3.12,2.23,0.95
000921,000921,0.10%,0.11%,0.16%,4.38,6.62,7.73
001799,001799,21.94%,20.11%,19.84%,2.00,1.42,0.78
001449,001449,22.21%,22.01%,21.55%,1.22,1.37,0.57
001019,001019,1.87%,1.62%,1.70%,1.56,2.71,2.06
000521,000521,2.52%,1.85%,--,0.70,1.22,--
000171,000171,5.00%,4.57%,4.40%,1.84,1.80,1.63
001330,001330,5.45%,4.42%,3.98%,2.61,1.63,1.34
000872,000872,0.11%,0.13%,0.16%,7.63,9.14,10.04
001760,001760,24.88%,19.93%,20.73%,1.44,0.89,0.23
001275,001275,22.02%,19.11%,16.62%,1.30,0.93,0.54
001625,001625,0.09%,0.10%,0.14%,11.46,12.23,11.88
000464,000464,0.09%,0.11%,0.15%,7.84,9.22,10.25
002009,002009,3.05%,2.62%,2.51%,3.05,3.23,2.68
001808,001808,25.05%,24.78%,25.27%,2.42,1.82,0.90
000825,000825,21.34%,19.96%,20.15%,1.53,1.25,0.69
001367,001367,4.09%,4.13%,4.06%,1.56,1.52,1.21
000126,000126,24.59%,19.59%,16.30%,2.68,2.16,1.73
000576,000576,0.09%,0.12%,0.15%,4.43,5.41,7.28
000599,000599,0.09%,0.11%,0.15%,8.12,9.65,10.59
000063,000063,29.76%,27.62%,26.32%,1.27,0.69,0.15
000433,000433,20.13%,20.18%,20.18%,1.12,0.92,0.29
001388,001388,23.23%,20.68%,20.74%,2.82,2.01,1.20
000960,000960,26.10%,26.10%,26.71%,2.50,1.92,1.36
001672,001672,24.61%,23.35%,23.33%,2.13,1.37,0.65
001222,001222,22.16%,21.39%,23.26%,2.42,2.13,1.21
001035,001035,4.20%,3.63%,3.49%,2.26,1.84,1.55
001936,001936,4.83%,4.64%,4.58%,-0.74,-0.29,0.07
000274,000274,10.11%,8.17%,7.95%,0.20,0.46,0.36
000761,000761,21.06%,19.92%,20.18%,2.10,1.33,0.63
000331,000331,0.11%,0.12%,0.16%,4.56,6.90,8.47
001170,001170,18.92%,19.00%,21.55%,2.25,1.74,0.88
001520,001520,18.97%,18.75%,--,2.54,1.63,--
002025,002025,3.99%,3.16%,2.92%,2.55,2.42,2.07
001609,001609,15.73%,11.74%,11.31%,1.39,1.08,0.65
000389,000389,0.09%,0.10%,0.16%,6.80,8.61,9.28
000673,000673,--,--,--,--,--,--
001961,001961,2.30%,1.68%,1.45%,0.40,0.97,1.52
001577,001577,23.43%,21.87%,21.72%,2.51,1.66,0.91
001127,001127,20.04%,15.83%,17.21%,2.03,1.46,0.80
000366,000366,0.09%,0.11%,0.13%,6.66,8.07,9.41
000736,000736,2.50%,2.18%,2.24%,-0.75,0.86,0.94
001824,001824,21.47%,18.95%,18.96%,1.86,1.10,0.49
000809,000809,0.11%,0.14%,0.14%,9.75,11.81,14.11
001074,001074,18.24%,19.20%,19.26%,1.61,1.08,0.46
001424,001424,19.89%,18.07%,16.00%,1.27,1.45,1.16
000665,000665,0.09%,0.10%,0.14%,8.83,10.40,10.90
000235,000235,1.84%,1.79%,1.76%,0.63,0.97,1.79
001832,001832,23.35%,23.30%,--,2.10,1.83,--
000720,000720,1.73%,1.61%,1.47%,1.38,1.60,1.49
001998,001998,22.02%,17.22%,15.37%,2.53,1.92,1.39
000370,000370,22.54%,19.46%,17.58%,0.72,0.37,0.44
000059,000059,21.66%,22.32%,22.56%,2.02,1.14,0.59
000409,000409,25.55%,23.38%,21.93%,2.80,1.80,0.99
001648,001648,10.54%,13.11%,15.12%,2.46,1.07,0.29
001218,001218,21.63%,20.57%,21.37%,3.20,1.92,0.89
000798,000798,0.57%,--,--,4.33,--,--
001920,001920,4.38%,3.85%,3.87%,0.36,0.78,0.59
000632,000632,5.19%,4.28%,3.90%,0.97,1.53,1.03
001189,001189,5.41%,4.55%,4.83%,2.91,1.93,1.49
001473,001473,18.00%,18.82%,20.10%,2.74,2.12,1.07
001023,001023,3.22%,2.70%,2.54%,0.01,0.81,0.90
001536,001536,14.76%,13.71%,15.02%,2.21,1.62,0.81
001166,001166,23.78%,21.46%,21.43%,2.07,1.32,0.43
000327,000327,19.92%,19.07%,15.82%,2.29,1.76,1.41
001865,001865,12.86%,18.27%,20.18%,1.81,1.18,0.75
000848,000848,0.10%,0.11%,0.15%,7.34,9.09,10.43
000849,000849,22.06%,20.78%,18.45%,1.65,1.01,0.65
000799,000799,--,--,--,--,--,--
000263,000263,22.20%,22.64%,22.77%,3.10,2.29,1.33
001921,001921,4.40%,3.83%,3.83%,0.29,0.67,0.49
001188,001188,21.43%,20.16%,20.22%,1.31,1.12,0.64
001472,001472,--,--,--,--,--,--
001537,001537,21.03%,20.37%,19.65%,1.67,1.19,0.34
001167,001167,23.87%,22.72%,23.63%,1.73,1.11,0.49
000326,000326,19.62%,17.30%,14.33%,2.35,1.61,1.27
001864,001864,20.32%,21.89%,23.32%,3.01,1.91,0.97
000058,000058,10.05%,9.10%,7.48%,1.30,1.36,1.17
000408,000408,20.88%,21.36%,22.38%,2.54,1.93,1.15
001219,001219,19.88%,20.48%,20.40%,1.89,1.15,0.53
001075,001075,25.98%,24.22%,23.44%,1.45,1.01,0.44
001425,001425,19.89%,18.26%,16.07%,1.26,1.29,1.03
001976,001976,2.20%,1.83%,2.27%,0.74,1.77,1.84
000664,000664,3.08%,4.74%,9.32%,0.17,0.76,0.27
000721,000721,0.11%,0.11%,0.14%,3.97,5.76,7.54
000371,000371,0.13%,0.14%,0.16%,6.03,8.56,10.50
000808,000808,0.11%,0.14%,0.14%,9.80,11.87,14.17
000222,000222,2.11%,1.89%,2.47%,1.77,2.97,0.85
000672,000672,3.24%,3.87%,3.69%,4.26,1.77,0.93
001960,001960,2.01%,1.59%,1.48%,0.53,1.19,1.66
001433,001433,3.35%,5.52%,6.16%,3.30,1.78,1.33
001063,001063,13.55%,9.79%,8.40%,-0.89,-0.22,-0.14
001576,001576,26.23%,25.60%,25.12%,2.80,1.68,0.93
001126,001126,24.55%,22.18%,22.86%,2.74,2.33,1.15
000367,000367,6.22%,5.60%,5.72%,2.66,1.90,1.30
000737,000737,2.51%,2.20%,2.27%,-0.90,0.67,0.74
001825,001825,23.22%,22.58%,22.29%,2.09,1.48,0.75
002024,002024,10.41%,9.45%,11.18%,0.54,0.79,0.18
001608,001608,19.85%,19.20%,18.99%,2.49,1.87,1.34
001258,001258,4.05%,4.65%,4.72%,1.86,1.45,0.85
001464,001464,5.80%,7.70%,7.60%,3.37,1.49,0.80
000625,000625,0.09%,0.10%,0.14%,8.17,9.83,10.27
001937,001937,0.10%,0.11%,0.15%,7.09,8.85,9.72
000275,000275,11.95%,9.65%,8.75%,0.50,0.46,0.21
000760,000760,0.11%,0.11%,0.14%,6.32,7.94,8.81
000330,000330,0.10%,0.12%,0.16%,7.38,8.91,10.36
001171,001171,23.14%,23.04%,22.76%,2.73,1.83,1.27
001521,001521,25.20%,24.45%,24.47%,1.77,1.21,0.53
000824,000824,21.35%,19.93%,20.14%,1.57,1.29,0.74
001736,001736,21.09%,20.53%,20.03%,2.61,1.58,1.03
001366,001366,20.69%,21.48%,22.65%,2.60,1.59,0.84
000127,000127,21.41%,20.62%,20.55%,2.24,1.56,1.01
000577,000577,20.38%,19.84%,20.28%,2.23,1.40,0.75
000598,000598,28.61%,28.55%,24.30%,1.35,0.82,0.59
000432,000432,23.78%,20.69%,20.78%,1.59,1.17,0.65
000961,000961,19.55%,19.75%,19.54%,1.18,0.93,0.48
001223,001223,22.61%,23.95%,24.01%,1.42,1.02,0.45
001809,001809,35.89%,31.93%,29.06%,1.50,1.28,0.64
000520,000520,17.84%,19.27%,19.67%,1.89,1.53,0.89
001331,001331,5.58%,7.61%,8.22%,1.89,1.47,0.73
000873,000873,0.09%,0.10%,0.14%,8.28,9.62,9.86
001761,001761,10.60%,8.79%,7.23%,0.56,0.30,0.55
001274,001274,0.00%,3.05%,--,5.02,-0.25,--
000936,000936,18.09%,16.81%,16.56%,2.74,2.02,1.22
001624,001624,0.08%,0.09%,0.13%,9.07,10.19,10.32
000465,000465,1.94%,1.72%,1.51%,0.88,1.73,1.55
000259,000259,19.33%,18.58%,18.32%,2.45,1.75,1.01
000609,000609,23.93%,23.52%,22.80%,2.63,1.82,1.06
001448,001448,15.29%,11.63%,11.16%,0.19,0.31,-0.11
001018,001018,22.81%,23.41%,23.31%,2.18,1.61,0.95
001327,001327,8.35%,13.23%,14.25%,1.74,1.18,0.42
000166,000166,29.80%,24.95%,21.73%,1.28,1.29,0.87
000536,000536,13.73%,14.34%,13.66%,0.76,0.69,0.20
000189,000189,7.84%,6.16%,5.44%,2.19,1.67,1.34
001632,001632,23.27%,23.50%,24.26%,2.17,1.68,1.19
000920,000920,0.09%,0.11%,0.14%,8.33,9.62,10.63
001798,001798,21.94%,20.11%,19.83%,2.01,1.44,0.80
000561,000561,1.83%,1.42%,1.68%,0.64,1.37,1.31
000131,000131,2.29%,2.04%,2.00%,0.93,1.09,1.76
000998,000998,3.25%,2.49%,2.47%,1.95,2.17,1.42
001370,001370,6.72%,8.08%,7.23%,2.16,1.50,1.20
001720,001720,3.83%,4.06%,4.39%,2.66,2.06,1.29
000832,000832,0.07%,0.09%,0.15%,7.57,9.43,8.66
001235,001235,2.18%,2.16%,1.93%,1.84,2.02,2.06
001665,001665,8.78%,7.10%,8.60%,0.88,0.45,0.12
000977,000977,24.43%,23.11%,22.71%,3.59,2.45,1.33
000424,000424,0.08%,0.09%,0.14%,5.18,7.32,8.23
000074,000074,1.52%,1.40%,1.63%,1.11,2.45,2.28
002049,002049,4.92%,4.48%,4.02%,3.01,2.47,2.07
000218,000218,16.75%,13.87%,12.02%,0.91,1.45,0.93
000648,000648,0.10%,0.11%,0.15%,10.44,11.30,12.00
001409,001409,25.20%,24.69%,24.88%,2.05,1.49,0.55
001059,001059,2.70%,2.90%,2.79%,2.47,1.23,0.72
001184,001184,20.72%,21.41%,23.49%,2.02,1.35,0.26
001887,001887,18.17%,21.43%,20.60%,2.79,1.76,1.17
000795,000795,--,--,--,--,--,--
001868,001868,1.52%,1.23%,1.29%,1.68,3.13,3.02
000003,000003,22.89%,20.68%,19.17%,0.96,0.83,0.23
001242,001242,23.88%,23.92%,23.25%,1.21,0.80,0.30
000845,000845,18.23%,17.74%,19.55%,1.50,1.32,0.49
001307,001307,23.34%,22.68%,22.13%,2.48,1.61,0.95
000516,000516,1.77%,1.63%,1.58%,1.43,3.14,2.97
000668,000668,2.07%,1.73%,1.62%,0.20,1.34,1.43
001583,001583,19.48%,21.06%,21.63%,1.44,0.96,0.60
001096,001096,0.09%,0.12%,0.16%,7.49,9.30,10.32
000687,000687,0.09%,0.11%,0.15%,7.94,9.42,10.39
001215,001215,17.82%,19.23%,19.81%,1.75,1.52,0.68
001645,001645,23.87%,24.54%,25.49%,2.59,1.98,1.14
000404,000404,27.33%,27.28%,28.07%,2.24,1.62,0.78
000054,000054,5.56%,4.74%,4.25%,1.73,1.63,1.24
000541,000541,26.81%,25.31%,25.51%,2.61,2.02,0.93
000111,000111,1.72%,1.38%,1.27%,1.09,2.32,2.61
000812,000812,11.84%,9.25%,7.89%,1.52,0.86,0.77
001595,001595,17.16%,17.71%,17.81%,-0.13,0.16,0.11
001829,001829,16.88%,15.93%,17.86%,1.40,1.06,0.04
001983,001983,26.04%,22.92%,22.56%,1.80,1.51,0.62
000042,000042,19.30%,19.34%,19.15%,1.30,0.96,0.58
001203,001203,4.63%,5.36%,5.79%,2.36,2.02,1.38
000804,000804,6.57%,5.02%,4.22%,0.85,0.90,0.72
001716,001716,20.51%,16.56%,16.09%,3.32,2.45,1.60
000107,000107,2.98%,2.71%,2.52%,1.68,2.09,1.80
000557,000557,22.25%,20.86%,18.04%,2.78,1.91,1.43
000783,000783,0.94%,0.08%,--,3.24,27.54,--
001891,001891,21.99%,22.20%,20.60%,1.42,0.85,0.57
000279,000279,15.81%,16.09%,18.05%,2.45,1.34,0.77
001192,001192,21.89%,20.98%,23.13%,1.83,1.17,0.37
001468,001468,24.16%,22.36%,22.55%,2.43,1.87,0.74
001487,001487,24.64%,22.19%,23.88%,1.53,1.46,0.77
000296,000296,4.17%,3.27%,3.17%,0.45,0.96,0.75
001254,001254,9.70%,12.42%,14.48%,0.88,0.94,0.34
000916,000916,17.04%,17.54%,17.42%,1.49,0.97,0.42
001604,001604,20.86%,17.38%,16.27%,1.61,1.35,0.64
000015,000015,1.44%,1.21%,1.21%,0.89,2.34,2.48
000150,000150,3.09%,2.32%,2.15%,1.01,1.29,1.43
001311,001311,3.34%,3.06%,2.97%,2.80,2.36,1.94
001741,001741,18.77%,18.49%,20.16%,1.53,0.76,0.34
001556,001556,22.50%,23.40%,22.73%,1.87,1.13,0.64
001106,001106,24.63%,23.04%,22.83%,1.73,1.22,0.55
000347,000347,1.28%,1.68%,1.54%,1.78,1.31,1.84
000717,000717,25.06%,24.21%,23.36%,2.52,1.85,1.24
000652,000652,21.87%,21.10%,19.97%,2.37,1.80,1.21
001940,001940,21.41%,19.80%,19.68%,2.35,1.67,0.78
001413,001413,17.96%,13.72%,12.26%,0.95,0.96,0.25
001043,001043,20.38%,20.14%,20.66%,2.47,1.94,1.12
000081,000081,13.54%,13.10%,12.23%,0.89,0.99,0.63
000982,000982,0.11%,0.14%,0.16%,7.87,7.97,9.29
000828,000828,30.33%,28.42%,27.06%,1.89,1.61,0.79
001385,001385,21.92%,20.06%,20.08%,2.57,1.46,0.79
002053,002053,8.68%,6.92%,6.62%,1.66,1.03,0.49
000594,000594,24.53%,22.55%,22.51%,1.59,1.08,0.58
000740,000740,0.10%,0.10%,0.14%,7.07,8.60,9.59
001852,001852,24.17%,23.96%,24.25%,2.24,1.93,1.18
000310,000310,2.74%,2.15%,1.91%,0.78,1.77,1.99
001151,001151,--,--,--,--,--,--
001014,001014,20.84%,17.78%,15.42%,0.97,0.49,0.14
001444,001444,7.43%,7.03%,6.81%,2.93,2.58,1.92
000605,000605,0.10%,0.11%,0.16%,8.70,10.46,10.90
001917,001917,21.32%,22.19%,21.85%,2.32,1.50,0.68
000255,000255,5.07%,3.70%,3.13%,0.70,0.50,0.62
001297,001297,22.87%,21.70%,23.38%,2.66,2.00,0.91
000486,000486,0.11%,0.08%,0.08%,29.91,41.92,41.92
000039,000039,26.37%,22.91%,21.76%,1.96,1.43,0.75
002004,002004,12.24%,13.72%,15.56%,2.99,1.43,0.51
000469,000469,1.60%,1.57%,1.47%,0.97,1.85,2.26
001628,001628,24.71%,25.51%,25.41%,1.54,1.28,0.74
000890,000890,1.96%,1.66%,1.49%,0.20,0.69,0.56
001782,001782,15.17%,17.58%,15.37%,1.97,1.42,1.13
001278,001278,13.02%,17.76%,14.94%,1.55,1.62,1.19
001147,001147,3.72%,3.05%,3.16%,3.18,2.86,2.05
000306,000306,2.78%,2.15%,2.48%,0.34,0.61,0.49
001844,001844,15.13%,17.59%,15.33%,1.96,1.33,1.04
000756,000756,21.80%,22.48%,22.43%,2.11,1.29,0.63
001901,001901,11.56%,10.94%,9.97%,2.60,1.38,1.02
000613,000613,19.35%,19.47%,19.14%,1.08,0.83,0.39
001002,001002,--,--,--,--,--,--
000490,000490,1.49%,1.47%,1.33%,1.04,1.11,1.52
001281,001281,18.05%,16.40%,17.90%,1.63,1.27,0.93
000869,000869,0.09%,0.09%,0.14%,7.32,9.03,9.51
001794,001794,1.81%,1.46%,1.38%,0.82,2.03,2.52
000185,000185,6.64%,6.12%,5.84%,0.90,0.16,0.05
002012,002012,--,--,--,--,--,--
000701,000701,0.09%,0.10%,0.14%,6.63,8.62,9.11
000351,000351,2.14%,2.26%,1.98%,0.32,1.06,1.19
001110,001110,3.08%,2.64%,2.62%,3.28,3.20,2.48
001540,001540,27.17%,22.98%,21.98%,2.05,1.50,0.75
001405,001405,5.14%,5.23%,4.77%,2.24,1.59,1.39
001956,001956,34.97%,32.27%,31.16%,1.60,1.51,0.70
000644,000644,0.10%,0.10%,0.14%,3.44,5.71,7.14
000214,000214,10.66%,8.33%,10.75%,1.45,1.47,0.48
001686,001686,8.21%,7.90%,7.06%,1.82,1.54,1.17
000994,000994,22.71%,21.06%,20.37%,1.63,1.14,0.56
000078,000078,1.83%,1.53%,1.59%,0.84,2.11,1.95
001393,001393,20.97%,19.48%,18.46%,0.72,0.76,0.44
001669,001669,0.11%,0.10%,0.12%,9.18,11.42,12.30
001239,001239,22.94%,20.76%,19.43%,1.23,0.86,0.39
